smart_meter_id,appliance,number
r319,Toilet,2
r319,Sink,3
r319,Shower,2
r319,Tub Shower,1
r319,Dishwasher,1
r319,Washing Machine,1
r120,Toilet,2
r120,Sink,3
r120,Bathtub,0
r120,Shower,1
r120,Tub Shower,1
r120,Dishwasher,1
r120,Washing Machine,1
r204,Toilet,3
r204,Sink,6
r204,Bathtub,1
r204,Shower,1
r204,Tub Shower,1
r204,Dishwasher,2
r204,Washing Machine,1
r049,Toilet,3
r049,Sink,8
r049,Bathtub,0
r049,Shower,3
r049,Tub Shower,1
r049,Dishwasher,1
r049,Washing Machine,2
r060,Toilet,2
r060,Sink,4
r060,Shower,2
r060,Tub Shower,2
r060,Dishwasher,1
r060,Washing Machine,1
r092,Toilet,3
r092,Sink,4
r092,Bathtub,0
r092,Shower,1
r092,Tub Shower,1
r092,Dishwasher,1
r092,Washing Machine,1
r349,Toilet,1
r349,Sink,2
r349,Bathtub,0
r349,Shower,2
r349,Tub Shower,0
r349,Dishwasher,1
r349,Washing Machine,1
r284,Toilet,3
r284,Sink,4
r284,Bathtub,0
r284,Shower,2
r284,Tub Shower,1
r284,Dishwasher,1
r284,Washing Machine,1
r302,Toilet,2
r302,Sink,5
r302,Bathtub,1
r302,Shower,1
r302,Tub Shower,1
r302,Dishwasher,1
r302,Washing Machine,1
r085,Toilet,3
r085,Sink,4
r085,Bathtub,1
r085,Shower,2
r085,Tub Shower,0
r085,Dishwasher,1
r085,Washing Machine,1
r197,Toilet,3
r197,Sink,4
r197,Bathtub,1
r197,Shower,2
r197,Tub Shower,0
r197,Dishwasher,1
r197,Washing Machine,1
r205,Toilet,2
r205,Sink,20
r205,Bathtub,0
r205,Shower,1
r205,Tub Shower,1
r205,Dishwasher,1
r205,Washing Machine,1
r263,Toilet,1
r263,Sink,2
r263,Bathtub,0
r263,Shower,0
r263,Tub Shower,1
r263,Dishwasher,1
r263,Washing Machine,1
r197,Toilet,2
r197,Bathtub,0
r197,Shower,1
r197,Tub Shower,1
r039,Toilet,1
r039,Sink,2
r039,Bathtub,1
r039,Shower,0
r039,Tub Shower,0
r039,Dishwasher,1
r039,Washing Machine,0
r000,Toilet,2
r000,Sink,3
r000,Bathtub,0
r000,Shower,1
r000,Tub Shower,0
r000,Dishwasher,1
r000,Washing Machine,1
r217,Toilet,2
r217,Sink,5
r217,Bathtub,0
r217,Shower,2
r217,Tub Shower,1
r217,Dishwasher,1
r217,Washing Machine,1
r160,Toilet,1
r160,Sink,4
r160,Tub Shower,1
r160,Dishwasher,1
r160,Washing Machine,1
r111,Toilet,2
r111,Sink,3
r111,Bathtub,0
r111,Shower,0
r111,Tub Shower,2
r111,Dishwasher,1
r111,Washing Machine,1
r582,Toilet,2
r582,Sink,5
r582,Bathtub,0
r582,Shower,0
r582,Tub Shower,2
r582,Dishwasher,1
r582,Washing Machine,1
r395,Toilet,1
r395,Sink,1
r395,Bathtub,0
r395,Shower,1
r395,Tub Shower,0
r395,Dishwasher,1
r395,Washing Machine,1
r243,Toilet,1
r243,Sink,1
r243,Bathtub,1
r243,Shower,1
r243,Tub Shower,1
r243,Dishwasher,1
r243,Washing Machine,1
r554,Toilet,2
r554,Sink,2
r554,Bathtub,1
r554,Shower,2
r554,Tub Shower,1
r554,Dishwasher,1
r554,Washing Machine,1
r180,Toilet,1
r180,Sink,2
r180,Bathtub,0
r180,Shower,0
r180,Tub Shower,1
r180,Dishwasher,0
r180,Washing Machine,1
r604,Toilet,2
r604,Sink,2
r604,Bathtub,0
r604,Shower,0
r604,Tub Shower,1
r604,Dishwasher,0
r604,Washing Machine,1
r066,Toilet,1
r066,Sink,2
r066,Bathtub,0
r066,Shower,0
r066,Tub Shower,1
r066,Dishwasher,0
r066,Washing Machine,1
r540,Toilet,2
r540,Sink,2
r540,Bathtub,0
r540,Shower,2
r540,Tub Shower,0
r540,Dishwasher,1
r540,Washing Machine,1
r009,Toilet,2
r009,Sink,4
r009,Bathtub,1
r009,Shower,1
r009,Tub Shower,0
r009,Dishwasher,1
r009,Washing Machine,1
r567,Dishwasher,1
r567,Washing Machine,1
r315,Toilet,3
r315,Sink,3
r315,Bathtub,0
r315,Shower,1
r315,Tub Shower,0
r315,Dishwasher,3
r315,Washing Machine,3
r128,Toilet,2
r128,Sink,2
r128,Bathtub,1
r128,Shower,1
r128,Tub Shower,0
r128,Dishwasher,1
r128,Washing Machine,1
r243,Sink,2
r243,Bathtub,0
r243,Shower,0
r302,Sink,2
r302,Bathtub,0
r302,Shower,0
r302,Tub Shower,2
r243,Toilet,3
r243,Sink,3
r243,Tub Shower,2
r608,Toilet,2
r608,Sink,2
r608,Bathtub,0
r608,Shower,1
r608,Tub Shower,1
r608,Dishwasher,1
r608,Washing Machine,1
r181,Toilet,1
r181,Sink,1
r181,Shower,1
r181,Dishwasher,0
r181,Washing Machine,1
r442,Toilet,1
r442,Sink,4
r442,Bathtub,0
r442,Shower,1
r442,Tub Shower,0
r442,Dishwasher,-1
r442,Washing Machine,1
r340,Toilet,1
r340,Sink,1
r340,Bathtub,0
r340,Shower,1
r340,Tub Shower,0
r340,Dishwasher,1
r340,Washing Machine,1
r067,Toilet,1
r067,Sink,2
r067,Bathtub,0
r067,Shower,1
r067,Tub Shower,1
r067,Dishwasher,0
r067,Washing Machine,1
r460,Toilet,1
r460,Sink,1
r460,Bathtub,1
r460,Shower,1
r460,Tub Shower,1
r460,Dishwasher,1
r460,Washing Machine,1
r129,Toilet,1
r129,Sink,1
r129,Bathtub,0
r129,Shower,1
r129,Tub Shower,0
r129,Dishwasher,1
r129,Washing Machine,1
r274,Toilet,1
r274,Sink,1
r274,Bathtub,0
r274,Shower,1
r274,Tub Shower,0
r274,Dishwasher,0
r274,Washing Machine,1
r277,Toilet,3
r277,Sink,6
r277,Shower,1
r277,Tub Shower,1
r277,Dishwasher,1
r277,Washing Machine,1
r559,Toilet,1
r559,Sink,1
r559,Bathtub,0
r559,Shower,1
r559,Tub Shower,0
r559,Dishwasher,1
r559,Washing Machine,1
r557,Toilet,2
r557,Sink,3
r557,Bathtub,0
r557,Shower,0
r557,Tub Shower,2
r557,Dishwasher,1
r557,Washing Machine,1
r214,Toilet,2
r214,Sink,3
r214,Bathtub,0
r214,Shower,1
r214,Tub Shower,1
r214,Dishwasher,1
r214,Washing Machine,1
r243,Dishwasher,0
r051,Toilet,1
r051,Sink,1
r051,Bathtub,0
r051,Shower,0
r051,Tub Shower,1
r051,Dishwasher,0
r051,Washing Machine,1
r252,Toilet,2
r252,Sink,2
r252,Bathtub,1
r252,Shower,1
r252,Tub Shower,0
r252,Dishwasher,1
r252,Washing Machine,1
r023,Toilet,3
r023,Sink,5
r023,Bathtub,0
r023,Shower,1
r023,Tub Shower,2
r023,Dishwasher,1
r023,Washing Machine,1
r243,Toilet,2
r569,Toilet,2
r569,Sink,2
r569,Bathtub,0
r569,Shower,0
r569,Tub Shower,2
r569,Dishwasher,0
r569,Washing Machine,0
r215,Toilet,2
r215,Sink,4
r215,Bathtub,0
r215,Shower,1
r215,Tub Shower,1
r215,Dishwasher,1
r215,Washing Machine,1
r041,Toilet,3
r041,Shower,2
r041,Dishwasher,-1
r041,Washing Machine,1
r149,Toilet,2
r149,Sink,3
r149,Bathtub,0
r149,Shower,1
r149,Tub Shower,2
r149,Dishwasher,1
r149,Washing Machine,1
r346,Toilet,2
r346,Sink,3
r346,Bathtub,0
r346,Shower,1
r346,Tub Shower,1
r346,Dishwasher,1
r346,Washing Machine,1
r025,Toilet,3
r025,Sink,3
r025,Bathtub,1
r025,Shower,2
r025,Tub Shower,1
r025,Dishwasher,1
r025,Washing Machine,1
r119,Toilet,1
r119,Sink,2
r119,Bathtub,0
r119,Shower,1
r119,Tub Shower,0
r119,Dishwasher,1
r119,Washing Machine,1
r243,Tub Shower,0
r439,Toilet,2
r439,Sink,2
r439,Bathtub,0
r439,Shower,1
r439,Tub Shower,1
r439,Dishwasher,1
r439,Washing Machine,1
r352,Toilet,2
r352,Sink,2
r352,Bathtub,0
r352,Shower,1
r352,Tub Shower,1
r352,Dishwasher,1
r352,Washing Machine,1
r375,Dishwasher,-1
r375,Washing Machine,-1
r243,Shower,2
r481,Toilet,1
r481,Sink,2
r481,Bathtub,0
r481,Shower,0
r481,Tub Shower,1
r481,Dishwasher,0
r481,Washing Machine,1
r071,Toilet,2
r071,Sink,2
r071,Bathtub,1
r071,Shower,1
r071,Tub Shower,0
r071,Dishwasher,1
r071,Washing Machine,1
r106,Toilet,2
r106,Sink,2
r106,Bathtub,1
r106,Shower,1
r106,Tub Shower,0
r106,Dishwasher,1
r106,Washing Machine,1
r501,Toilet,2
r501,Sink,2
r501,Bathtub,1
r501,Shower,1
r501,Tub Shower,0
r501,Dishwasher,1
r501,Washing Machine,1
r402,Toilet,2
r402,Sink,2
r402,Bathtub,0
r402,Shower,0
r402,Tub Shower,2
r402,Dishwasher,0
r402,Washing Machine,1
r206,Toilet,1
r206,Sink,2
r206,Tub Shower,1
r206,Dishwasher,-1
r206,Washing Machine,1
r528,Toilet,2
r528,Sink,3
r528,Bathtub,0
r528,Shower,2
r528,Tub Shower,2
r528,Dishwasher,1
r528,Washing Machine,1
r166,Toilet,1
r166,Sink,3
r166,Bathtub,0
r166,Shower,1
r166,Tub Shower,0
r166,Dishwasher,1
r166,Washing Machine,1
r549,Toilet,2
r549,Sink,2
r549,Bathtub,0
r549,Shower,1
r549,Tub Shower,1
r549,Dishwasher,1
r549,Washing Machine,1
r016,Toilet,2
r016,Sink,2
r016,Bathtub,0
r016,Shower,0
r016,Tub Shower,2
r016,Dishwasher,1
r016,Washing Machine,1
r461,Toilet,2
r461,Sink,3
r461,Bathtub,0
r461,Shower,2
r461,Tub Shower,0
r461,Dishwasher,0
r461,Washing Machine,1
r236,Toilet,2
r236,Sink,2
r236,Shower,1
r236,Dishwasher,1
r236,Washing Machine,1
r123,Toilet,1
r123,Sink,1
r123,Bathtub,0
r123,Shower,0
r123,Tub Shower,1
r123,Dishwasher,1
r123,Washing Machine,1
r382,Toilet,4
r382,Sink,6
r382,Bathtub,0
r382,Shower,3
r382,Tub Shower,0
r382,Dishwasher,1
r382,Washing Machine,1
r305,Toilet,2
r305,Sink,2
r305,Bathtub,0
r305,Shower,0
r305,Tub Shower,2
r305,Dishwasher,1
r305,Washing Machine,1
r444,Toilet,1
r444,Sink,1
r444,Bathtub,0
r444,Shower,1
r444,Tub Shower,0
r444,Dishwasher,0
r444,Washing Machine,1
r011,Toilet,2
r011,Sink,4
r011,Bathtub,0
r011,Shower,0
r011,Tub Shower,2
r011,Dishwasher,1
r011,Washing Machine,1
r094,Toilet,3
r094,Sink,5
r094,Bathtub,0
r094,Shower,0
r094,Tub Shower,2
r094,Dishwasher,1
r094,Washing Machine,1
r498,Toilet,1
r498,Sink,1
r498,Bathtub,0
r498,Shower,0
r498,Tub Shower,1
r498,Dishwasher,1
r498,Washing Machine,1
r593,Toilet,2
r593,Sink,3
r593,Bathtub,0
r593,Shower,1
r593,Tub Shower,0
r593,Dishwasher,1
r593,Washing Machine,1
r441,Toilet,2
r441,Sink,2
r441,Bathtub,1
r441,Shower,1
r441,Dishwasher,0
r441,Washing Machine,1
r278,Toilet,2
r278,Sink,3
r278,Bathtub,0
r278,Shower,2
r278,Tub Shower,0
r278,Dishwasher,0
r278,Washing Machine,1
r535,Toilet,2
r535,Sink,2
r535,Bathtub,1
r535,Shower,1
r535,Tub Shower,0
r535,Dishwasher,0
r535,Washing Machine,1
r519,Toilet,2
r519,Sink,2
r519,Bathtub,0
r519,Shower,1
r519,Tub Shower,1
r519,Dishwasher,1
r519,Washing Machine,1
r562,Toilet,2
r562,Sink,5
r562,Bathtub,0
r562,Shower,1
r562,Tub Shower,1
r562,Dishwasher,1
r562,Washing Machine,1
r330,Toilet,2
r330,Sink,2
r330,Shower,2
r330,Dishwasher,1
r330,Washing Machine,1
r223,Toilet,2
r223,Sink,2
r223,Bathtub,0
r223,Shower,0
r223,Tub Shower,2
r223,Dishwasher,1
r223,Washing Machine,1
r322,Toilet,2
r322,Sink,2
r322,Bathtub,1
r322,Shower,1
r322,Tub Shower,0
r322,Dishwasher,1
r322,Washing Machine,1
r182,Toilet,2
r182,Sink,2
r182,Bathtub,0
r182,Shower,0
r182,Tub Shower,2
r182,Dishwasher,0
r182,Washing Machine,1
r132,Toilet,1
r132,Sink,2
r132,Bathtub,0
r132,Shower,1
r132,Tub Shower,0
r132,Dishwasher,0
r132,Washing Machine,1
r197,Sink,2
r310,Toilet,1
r310,Sink,1
r310,Tub Shower,1
r310,Dishwasher,0
r310,Washing Machine,1
r185,Toilet,2
r185,Sink,2
r185,Bathtub,2
r185,Shower,2
r185,Tub Shower,2
r185,Dishwasher,0
r185,Washing Machine,1
r502,Toilet,2
r502,Sink,2
r502,Bathtub,0
r502,Shower,1
r502,Tub Shower,0
r502,Dishwasher,1
r502,Washing Machine,1
r376,Toilet,2
r376,Sink,2
r376,Bathtub,0
r376,Shower,1
r376,Tub Shower,1
r376,Dishwasher,1
r376,Washing Machine,1
r529,Toilet,2
r529,Sink,2
r529,Bathtub,1
r529,Shower,1
r529,Tub Shower,1
r529,Dishwasher,0
r529,Washing Machine,1
r217,Toilet,1
r217,Sink,1
r217,Shower,0
r270,Toilet,2
r270,Sink,2
r270,Bathtub,0
r270,Shower,0
r270,Tub Shower,2
r270,Dishwasher,1
r270,Washing Machine,1
r096,Toilet,2
r096,Sink,2
r096,Bathtub,0
r096,Shower,0
r096,Tub Shower,2
r096,Dishwasher,1
r096,Washing Machine,1
r265,Toilet,2
r265,Sink,2
r265,Bathtub,0
r265,Shower,0
r265,Tub Shower,2
r265,Dishwasher,1
r265,Washing Machine,1
r463,Toilet,3
r463,Sink,3
r463,Bathtub,0
r463,Shower,2
r463,Tub Shower,1
r463,Dishwasher,1
r463,Washing Machine,1
r114,Toilet,2
r114,Sink,3
r114,Bathtub,0
r114,Shower,1
r114,Tub Shower,0
r114,Dishwasher,1
r114,Washing Machine,1
r426,Toilet,2
r426,Sink,3
r426,Bathtub,0
r426,Shower,2
r426,Tub Shower,2
r426,Dishwasher,1
r426,Washing Machine,1
r300,Toilet,2
r300,Sink,4
r300,Bathtub,0
r300,Shower,1
r300,Tub Shower,1
r300,Dishwasher,1
r300,Washing Machine,1
r350,Toilet,1
r350,Sink,1
r350,Bathtub,0
r350,Shower,0
r350,Tub Shower,1
r350,Dishwasher,0
r350,Washing Machine,1
r064,Toilet,2
r064,Sink,2
r064,Bathtub,0
r064,Shower,0
r064,Tub Shower,2
r064,Dishwasher,1
r064,Washing Machine,1
r105,Toilet,2
r105,Sink,2
r105,Bathtub,1
r105,Shower,1
r105,Tub Shower,0
r105,Dishwasher,1
r105,Washing Machine,1
r313,Toilet,1
r313,Sink,1
r313,Bathtub,0
r313,Shower,0
r313,Tub Shower,1
r313,Dishwasher,0
r313,Washing Machine,1
r487,Toilet,1
r487,Sink,1
r487,Bathtub,0
r487,Shower,0
r487,Tub Shower,1
r487,Dishwasher,0
r487,Washing Machine,1
r364,Toilet,2
r364,Sink,2
r364,Bathtub,0
r364,Shower,2
r364,Tub Shower,0
r364,Dishwasher,1
r364,Washing Machine,1
r243,Sink,0
r006,Toilet,2
r006,Sink,2
r006,Bathtub,0
r006,Shower,0
r006,Tub Shower,1
r006,Dishwasher,1
r006,Washing Machine,1
r210,Toilet,2
r210,Sink,3
r210,Bathtub,0
r210,Shower,1
r210,Tub Shower,1
r210,Dishwasher,1
r210,Washing Machine,1
r581,Toilet,2
r581,Sink,2
r581,Bathtub,0
r581,Shower,2
r581,Tub Shower,0
r581,Dishwasher,0
r581,Washing Machine,1
r243,Sink,4
r347,Toilet,4
r347,Sink,4
r347,Bathtub,0
r347,Shower,1
r347,Tub Shower,2
r347,Dishwasher,1
r347,Washing Machine,1
r353,Toilet,1
r353,Sink,1
r353,Bathtub,0
r353,Shower,1
r353,Tub Shower,0
r353,Dishwasher,1
r353,Washing Machine,1
r241,Toilet,2
r241,Sink,2
r241,Bathtub,1
r241,Shower,1
r241,Tub Shower,0
r241,Dishwasher,0
r241,Washing Machine,1
r357,Toilet,2
r357,Sink,2
r357,Bathtub,0
r357,Shower,2
r357,Tub Shower,0
r357,Dishwasher,1
r357,Washing Machine,1
r361,Toilet,2
r361,Sink,2
r361,Bathtub,0
r361,Shower,1
r361,Tub Shower,0
r361,Dishwasher,1
r361,Washing Machine,1
r243,Washing Machine,0
r127,Toilet,2
r127,Sink,3
r127,Bathtub,0
r127,Shower,0
r127,Tub Shower,2
r127,Dishwasher,1
r127,Washing Machine,1
r079,Toilet,2
r079,Sink,2
r079,Bathtub,0
r079,Shower,2
r079,Tub Shower,0
r079,Dishwasher,0
r079,Washing Machine,1
r222,Toilet,2
r222,Sink,2
r222,Bathtub,0
r222,Shower,1
r222,Tub Shower,1
r222,Dishwasher,1
r222,Washing Machine,1
r099,Toilet,2
r099,Sink,2
r099,Shower,2
r099,Dishwasher,1
r099,Washing Machine,1
r524,Toilet,2
r524,Sink,3
r524,Bathtub,2
r524,Shower,2
r524,Tub Shower,2
r524,Dishwasher,0
r524,Washing Machine,1
r454,Toilet,1
r454,Sink,1
r454,Bathtub,0
r454,Shower,1
r454,Tub Shower,0
r454,Dishwasher,0
r454,Washing Machine,1
r229,Toilet,2
r229,Sink,2
r229,Bathtub,0
r229,Shower,1
r229,Tub Shower,0
r229,Dishwasher,1
r229,Washing Machine,1
r285,Toilet,2
r285,Sink,3
r285,Bathtub,0
r285,Shower,1
r285,Tub Shower,1
r285,Dishwasher,1
r285,Washing Machine,1
r261,Toilet,2
r261,Sink,2
r261,Bathtub,0
r261,Shower,1
r261,Tub Shower,0
r261,Dishwasher,1
r261,Washing Machine,1
r345,Toilet,1
r345,Sink,1
r345,Bathtub,0
r345,Shower,1
r345,Tub Shower,1
r345,Dishwasher,0
r345,Washing Machine,1
r273,Toilet,2
r273,Sink,2
r273,Bathtub,0
r273,Shower,1
r273,Tub Shower,1
r273,Dishwasher,1
r273,Washing Machine,1
r388,Toilet,1
r388,Sink,2
r388,Bathtub,0
r388,Shower,1
r388,Tub Shower,0
r388,Dishwasher,0
r388,Washing Machine,1
r177,Dishwasher,-1
r177,Washing Machine,-1
r007,Toilet,0
r007,Sink,0
r007,Bathtub,0
r007,Shower,0
r007,Tub Shower,0
r007,Dishwasher,0
r007,Washing Machine,1
r287,Toilet,1
r287,Sink,2
r287,Bathtub,0
r287,Shower,0
r287,Tub Shower,1
r287,Dishwasher,1
r287,Washing Machine,1
r076,Toilet,2
r076,Sink,3
r076,Bathtub,0
r076,Shower,1
r076,Tub Shower,1
r076,Dishwasher,0
r076,Washing Machine,1
r445,Toilet,2
r445,Sink,1
r445,Bathtub,0
r445,Shower,1
r445,Tub Shower,0
r445,Dishwasher,0
r445,Washing Machine,1
r401,Toilet,2
r401,Sink,4
r401,Bathtub,0
r401,Shower,1
r401,Tub Shower,1
r401,Dishwasher,1
r401,Washing Machine,1
r103,Toilet,1
r103,Sink,1
r103,Bathtub,0
r103,Shower,0
r103,Tub Shower,1
r103,Dishwasher,0
r103,Washing Machine,1
r050,Toilet,2
r050,Sink,2
r050,Bathtub,0
r050,Shower,1
r050,Tub Shower,1
r050,Dishwasher,1
r050,Washing Machine,1
r303,Toilet,2
r303,Sink,4
r303,Bathtub,0
r303,Shower,0
r303,Tub Shower,2
r303,Dishwasher,1
r303,Washing Machine,1
r512,Toilet,2
r512,Sink,2
r512,Bathtub,0
r512,Shower,2
r512,Tub Shower,0
r512,Dishwasher,0
r512,Washing Machine,1
r600,Toilet,1
r600,Sink,1
r600,Bathtub,0
r600,Shower,1
r600,Tub Shower,0
r600,Dishwasher,1
r600,Washing Machine,1
r118,Toilet,2
r118,Sink,2
r118,Bathtub,3
r118,Shower,2
r118,Tub Shower,1
r118,Dishwasher,1
r118,Washing Machine,1
r417,Toilet,1
r417,Sink,1
r417,Bathtub,0
r417,Shower,0
r417,Tub Shower,1
r417,Dishwasher,1
r417,Washing Machine,1
r086,Toilet,2
r086,Sink,3
r086,Bathtub,0
r086,Shower,1
r086,Tub Shower,1
r086,Dishwasher,1
r086,Washing Machine,1
r521,Toilet,2
r521,Sink,2
r521,Bathtub,0
r521,Shower,1
r521,Tub Shower,2
r521,Dishwasher,0
r521,Washing Machine,1
r543,Toilet,2
r543,Sink,2
r543,Shower,1
r543,Tub Shower,1
r543,Dishwasher,1
r543,Washing Machine,1
r228,Toilet,1
r228,Sink,1
r228,Bathtub,0
r228,Shower,1
r228,Tub Shower,0
r228,Dishwasher,0
r228,Washing Machine,1
r212,Toilet,2
r212,Sink,2
r212,Bathtub,1
r212,Shower,1
r212,Tub Shower,1
r212,Dishwasher,-1
r212,Washing Machine,1
r369,Toilet,2
r369,Sink,2
r369,Bathtub,0
r369,Shower,0
r369,Tub Shower,2
r369,Dishwasher,1
r369,Washing Machine,1
r378,Toilet,2
r378,Sink,2
r378,Bathtub,0
r378,Shower,2
r378,Tub Shower,1
r378,Dishwasher,0
r378,Washing Machine,1
r471,Toilet,4
r471,Sink,4
r471,Bathtub,0
r471,Shower,3
r471,Tub Shower,0
r471,Dishwasher,1
r471,Washing Machine,1
r453,Toilet,2
r453,Sink,2
r453,Bathtub,0
r453,Shower,1
r453,Tub Shower,1
r453,Dishwasher,1
r453,Washing Machine,1
r028,Toilet,2
r028,Sink,3
r028,Bathtub,0
r028,Shower,1
r028,Tub Shower,1
r028,Dishwasher,1
r028,Washing Machine,1
r188,Toilet,2
r188,Sink,2
r188,Bathtub,0
r188,Shower,1
r188,Tub Shower,1
r188,Dishwasher,1
r188,Washing Machine,1
r556,Toilet,1
r556,Sink,1
r556,Bathtub,0
r556,Shower,1
r556,Tub Shower,0
r556,Dishwasher,1
r556,Washing Machine,1
r158,Toilet,2
r158,Sink,2
r158,Bathtub,0
r158,Shower,1
r158,Tub Shower,0
r158,Dishwasher,0
r158,Washing Machine,1
r522,Toilet,2
r522,Sink,2
r522,Bathtub,0
r522,Shower,1
r522,Tub Shower,1
r522,Dishwasher,1
r522,Washing Machine,1
r213,Toilet,2
r213,Sink,2
r213,Bathtub,0
r213,Shower,2
r213,Tub Shower,2
r213,Dishwasher,-1
r213,Washing Machine,-1
r565,Toilet,3
r565,Sink,3
r565,Bathtub,1
r565,Shower,0
r565,Tub Shower,2
r565,Dishwasher,1
r565,Washing Machine,1
r590,Toilet,1
r590,Sink,1
r590,Bathtub,0
r590,Shower,1
r590,Tub Shower,0
r590,Dishwasher,0
r590,Washing Machine,1
r046,Toilet,2
r046,Sink,1
r046,Bathtub,0
r046,Shower,1
r046,Tub Shower,1
r046,Dishwasher,1
r046,Washing Machine,1
r386,Toilet,2
r386,Sink,2
r386,Bathtub,0
r386,Shower,1
r386,Tub Shower,0
r386,Dishwasher,0
r386,Washing Machine,1
r262,Toilet,2
r262,Sink,2
r262,Bathtub,0
r262,Shower,0
r262,Tub Shower,2
r262,Dishwasher,1
r262,Washing Machine,1
r433,Toilet,2
r433,Sink,2
r433,Bathtub,0
r433,Shower,1
r433,Tub Shower,1
r433,Dishwasher,1
r433,Washing Machine,1
r148,Toilet,3
r148,Sink,3
r148,Bathtub,1
r148,Shower,0
r148,Tub Shower,3
r148,Dishwasher,0
r148,Washing Machine,1
r108,Toilet,2
r108,Sink,4
r108,Bathtub,0
r108,Shower,1
r108,Tub Shower,1
r108,Dishwasher,1
r108,Washing Machine,1
r597,Toilet,2
r597,Sink,2
r597,Bathtub,0
r597,Shower,1
r597,Tub Shower,1
r597,Dishwasher,1
r597,Washing Machine,1
r452,Toilet,1
r452,Sink,1
r452,Shower,1
r452,Dishwasher,0
r452,Washing Machine,1
r583,Toilet,2
r583,Sink,2
r583,Bathtub,1
r583,Shower,1
r583,Tub Shower,0
r583,Dishwasher,1
r583,Washing Machine,1
r073,Toilet,2
r073,Sink,2
r073,Bathtub,0
r073,Shower,0
r073,Tub Shower,1
r073,Dishwasher,0
r073,Washing Machine,1
r339,Toilet,1
r339,Sink,1
r339,Bathtub,0
r339,Shower,1
r339,Tub Shower,0
r339,Dishwasher,0
r339,Washing Machine,1
r196,Toilet,2
r196,Sink,2
r196,Shower,0
r196,Tub Shower,2
r196,Dishwasher,-1
r196,Washing Machine,1
r201,Toilet,2
r201,Sink,4
r201,Bathtub,0
r201,Shower,0
r201,Tub Shower,2
r201,Dishwasher,1
r201,Washing Machine,1
r087,Toilet,2
r087,Sink,1
r087,Bathtub,0
r087,Shower,1
r087,Tub Shower,1
r087,Dishwasher,1
r087,Washing Machine,1
r178,Toilet,2
r178,Sink,3
r178,Bathtub,0
r178,Shower,1
r178,Tub Shower,0
r178,Dishwasher,0
r178,Washing Machine,1
r110,Toilet,2
r110,Sink,2
r110,Bathtub,0
r110,Shower,1
r110,Tub Shower,0
r110,Dishwasher,1
r110,Washing Machine,1
r032,Toilet,1
r032,Sink,1
r032,Bathtub,0
r032,Shower,1
r032,Tub Shower,0
r032,Dishwasher,1
r032,Washing Machine,1
r304,Toilet,2
r304,Sink,2
r304,Bathtub,0
r304,Shower,0
r304,Tub Shower,2
r304,Dishwasher,1
r304,Washing Machine,1
r121,Toilet,1
r121,Sink,2
r121,Bathtub,0
r121,Shower,1
r121,Tub Shower,0
r121,Dishwasher,1
r121,Washing Machine,1
r268,Toilet,2
r268,Sink,2
r268,Bathtub,0
r268,Shower,1
r268,Tub Shower,1
r268,Dishwasher,0
r268,Washing Machine,1
r449,Toilet,2
r449,Sink,3
r449,Bathtub,0
r449,Shower,1
r449,Tub Shower,1
r449,Dishwasher,0
r449,Washing Machine,1
r387,Toilet,2
r387,Sink,2
r387,Bathtub,0
r387,Shower,1
r387,Tub Shower,1
r387,Dishwasher,1
r387,Washing Machine,1
r391,Toilet,2
r391,Sink,3
r391,Bathtub,0
r391,Shower,2
r391,Tub Shower,0
r391,Dishwasher,1
r391,Washing Machine,1
r398,Toilet,2
r398,Sink,2
r398,Bathtub,0
r398,Shower,0
r398,Tub Shower,2
r398,Dishwasher,0
r398,Washing Machine,1
r405,Toilet,1
r405,Sink,3
r405,Bathtub,0
r405,Shower,1
r405,Tub Shower,0
r405,Dishwasher,0
r405,Washing Machine,1
r298,Toilet,1
r298,Sink,1
r298,Bathtub,0
r298,Shower,1
r298,Tub Shower,0
r298,Dishwasher,0
r298,Washing Machine,0
r574,Toilet,1
r574,Sink,1
r574,Shower,0
r574,Tub Shower,2
r574,Dishwasher,1
r574,Washing Machine,1
r040,Toilet,1
r040,Sink,1
r040,Bathtub,0
r040,Shower,1
r040,Tub Shower,0
r040,Dishwasher,1
r040,Washing Machine,1
r509,Toilet,2
r509,Sink,3
r509,Bathtub,0
r509,Shower,1
r509,Tub Shower,0
r509,Dishwasher,1
r509,Washing Machine,1
r030,Toilet,1
r030,Sink,1
r030,Bathtub,0
r030,Shower,1
r030,Tub Shower,0
r030,Dishwasher,1
r030,Washing Machine,1
r476,Toilet,2
r476,Sink,2
r476,Bathtub,1
r476,Shower,1
r476,Tub Shower,0
r476,Dishwasher,1
r476,Washing Machine,1
r116,Toilet,2
r116,Sink,3
r116,Bathtub,0
r116,Shower,2
r116,Tub Shower,1
r116,Dishwasher,1
r116,Washing Machine,1
r208,Toilet,2
r208,Sink,1
r208,Bathtub,0
r208,Shower,1
r208,Tub Shower,1
r208,Dishwasher,0
r208,Washing Machine,1
r403,Toilet,1
r403,Sink,1
r403,Bathtub,0
r403,Shower,0
r403,Tub Shower,1
r403,Dishwasher,1
r403,Washing Machine,1
r250,Toilet,2
r250,Sink,4
r250,Bathtub,0
r250,Shower,1
r250,Tub Shower,1
r250,Dishwasher,0
r250,Washing Machine,1
r037,Toilet,1
r037,Sink,1
r037,Bathtub,0
r037,Shower,1
r037,Tub Shower,1
r037,Dishwasher,0
r037,Washing Machine,1
r588,Toilet,1
r588,Sink,2
r588,Bathtub,0
r588,Shower,1
r588,Tub Shower,0
r588,Dishwasher,0
r588,Washing Machine,1
r473,Toilet,1
r473,Sink,1
r473,Shower,0
r473,Tub Shower,1
r473,Dishwasher,1
r473,Washing Machine,1
r154,Toilet,2
r154,Sink,2
r154,Bathtub,1
r154,Shower,1
r154,Tub Shower,0
r154,Dishwasher,1
r154,Washing Machine,1
r598,Toilet,2
r598,Sink,2
r598,Bathtub,0
r598,Shower,0
r598,Tub Shower,2
r598,Dishwasher,0
r598,Washing Machine,1
r327,Toilet,2
r327,Sink,2
r327,Bathtub,0
r327,Shower,2
r327,Tub Shower,0
r327,Dishwasher,1
r327,Washing Machine,1
r576,Toilet,2
r576,Sink,2
r576,Bathtub,0
r576,Shower,0
r576,Tub Shower,2
r576,Dishwasher,1
r576,Washing Machine,1
r054,Toilet,1
r054,Sink,2
r054,Bathtub,0
r054,Shower,1
r054,Tub Shower,0
r054,Dishwasher,0
r054,Washing Machine,1
r233,Toilet,2
r233,Sink,2
r233,Bathtub,1
r233,Shower,1
r233,Tub Shower,0
r233,Dishwasher,1
r233,Washing Machine,1
r115,Toilet,4
r115,Sink,4
r115,Bathtub,0
r115,Shower,4
r115,Tub Shower,0
r115,Dishwasher,0
r115,Washing Machine,1
r429,Toilet,2
r429,Sink,4
r429,Bathtub,0
r429,Shower,1
r429,Tub Shower,1
r429,Dishwasher,1
r429,Washing Machine,1
r107,Toilet,1
r107,Sink,1
r107,Bathtub,0
r107,Shower,1
r107,Tub Shower,0
r107,Dishwasher,1
r107,Washing Machine,1
r097,Toilet,2
r097,Sink,3
r097,Bathtub,0
r097,Shower,0
r097,Tub Shower,2
r097,Dishwasher,1
r097,Washing Machine,1
r377,Toilet,1
r377,Sink,1
r377,Shower,1
r377,Dishwasher,0
r377,Washing Machine,1
r135,Toilet,2
r135,Sink,2
r135,Bathtub,0
r135,Shower,2
r135,Tub Shower,0
r135,Dishwasher,1
r135,Washing Machine,1
r142,Toilet,2
r142,Sink,2
r142,Bathtub,0
r142,Shower,2
r142,Tub Shower,0
r142,Dishwasher,1
r142,Washing Machine,1
r595,Toilet,2
r595,Sink,2
r595,Bathtub,0
r595,Shower,1
r595,Tub Shower,0
r595,Dishwasher,0
r595,Washing Machine,1
r555,Toilet,2
r555,Sink,2
r555,Bathtub,1
r555,Shower,1
r555,Dishwasher,1
r555,Washing Machine,1
r523,Toilet,2
r523,Sink,4
r523,Bathtub,0
r523,Shower,0
r523,Tub Shower,2
r523,Dishwasher,0
r523,Washing Machine,1
r062,Toilet,1
r062,Sink,1
r062,Bathtub,0
r062,Shower,0
r062,Tub Shower,1
r062,Dishwasher,-1
r062,Washing Machine,-1
r564,Toilet,2
r564,Sink,3
r564,Shower,1
r564,Dishwasher,1
r564,Washing Machine,1
r256,Toilet,2
r256,Sink,2
r256,Bathtub,0
r256,Shower,1
r256,Tub Shower,1
r256,Dishwasher,1
r256,Washing Machine,1
r026,Toilet,2
r026,Sink,3
r026,Bathtub,0
r026,Shower,0
r026,Tub Shower,1
r026,Dishwasher,0
r026,Washing Machine,1
r045,Toilet,2
r045,Sink,2
r045,Bathtub,0
r045,Shower,1
r045,Tub Shower,1
r045,Dishwasher,1
r045,Washing Machine,1
r314,Toilet,1
r314,Sink,1
r314,Bathtub,0
r314,Shower,1
r314,Tub Shower,0
r314,Dishwasher,0
r314,Washing Machine,1
r074,Dishwasher,0
r074,Washing Machine,1
r525,Toilet,2
r525,Sink,4
r525,Bathtub,1
r525,Shower,1
r525,Tub Shower,0
r525,Dishwasher,1
r525,Washing Machine,1
r335,Toilet,1
r335,Sink,1
r335,Bathtub,0
r335,Shower,0
r335,Tub Shower,1
r335,Dishwasher,1
r335,Washing Machine,1
r456,Toilet,3
r456,Sink,4
r456,Bathtub,0
r456,Shower,1
r456,Tub Shower,1
r456,Dishwasher,1
r456,Washing Machine,1
r081,Toilet,2
r081,Sink,2
r081,Bathtub,0
r081,Shower,0
r081,Tub Shower,2
r081,Dishwasher,1
r081,Washing Machine,1
r368,Toilet,2
r368,Sink,3
r368,Bathtub,0
r368,Shower,1
r368,Tub Shower,1
r368,Dishwasher,1
r368,Washing Machine,1
r082,Toilet,1
r082,Sink,2
r082,Bathtub,0
r082,Shower,1
r082,Tub Shower,0
r082,Dishwasher,1
r082,Washing Machine,1
r172,Toilet,1
r172,Sink,1
r172,Bathtub,0
r172,Shower,0
r172,Tub Shower,1
r172,Dishwasher,0
r172,Washing Machine,1
r290,Dishwasher,-1
r290,Washing Machine,-1
r282,Toilet,2
r282,Sink,2
r282,Bathtub,0
r282,Shower,0
r282,Tub Shower,1
r282,Dishwasher,1
r282,Washing Machine,1
r411,Toilet,2
r411,Sink,4
r411,Bathtub,0
r411,Shower,0
r411,Tub Shower,2
r411,Dishwasher,1
r411,Washing Machine,1
r243,Shower,3
r146,Toilet,1
r146,Sink,1
r146,Bathtub,0
r146,Shower,0
r146,Tub Shower,1
r146,Dishwasher,0
r146,Washing Machine,1
r165,Toilet,2
r165,Sink,2
r165,Bathtub,0
r165,Shower,1
r165,Tub Shower,1
r165,Dishwasher,0
r165,Washing Machine,1
r505,Toilet,1
r505,Sink,1
r505,Bathtub,0
r505,Shower,1
r505,Tub Shower,0
r505,Dishwasher,1
r505,Washing Machine,1
r043,Toilet,2
r043,Sink,2
r043,Bathtub,0
r043,Shower,0
r043,Tub Shower,2
r043,Dishwasher,0
r043,Washing Machine,1
r457,Toilet,1
r457,Sink,1
r457,Bathtub,0
r457,Shower,0
r457,Tub Shower,1
r457,Dishwasher,1
r457,Washing Machine,1
r506,Toilet,1
r506,Sink,1
r506,Bathtub,0
r506,Shower,1
r506,Tub Shower,0
r506,Dishwasher,1
r506,Washing Machine,1
r192,Toilet,2
r192,Sink,3
r192,Bathtub,0
r192,Shower,1
r192,Tub Shower,2
r192,Dishwasher,1
r192,Washing Machine,1
r198,Toilet,1
r198,Sink,2
r198,Bathtub,1
r198,Shower,1
r198,Tub Shower,0
r198,Dishwasher,0
r198,Washing Machine,1
r027,Toilet,2
r027,Sink,2
r027,Bathtub,0
r027,Shower,1
r027,Tub Shower,1
r027,Dishwasher,1
r027,Washing Machine,1
r568,Toilet,2
r568,Sink,2
r568,Bathtub,0
r568,Shower,0
r568,Tub Shower,2
r568,Dishwasher,0
r568,Washing Machine,1
r504,Toilet,1
r504,Sink,1
r504,Bathtub,0
r504,Shower,1
r504,Tub Shower,0
r504,Dishwasher,0
r504,Washing Machine,1
r354,Toilet,2
r354,Sink,2
r354,Bathtub,0
r354,Shower,1
r354,Tub Shower,1
r354,Dishwasher,1
r354,Washing Machine,1
r508,Toilet,1
r508,Sink,1
r508,Bathtub,0
r508,Shower,1
r508,Tub Shower,0
r508,Dishwasher,1
r508,Washing Machine,1
r091,Toilet,2
r091,Sink,3
r091,Bathtub,0
r091,Shower,1
r091,Tub Shower,1
r091,Dishwasher,0
r091,Washing Machine,1
r317,Toilet,2
r317,Sink,2
r317,Bathtub,0
r317,Shower,0
r317,Tub Shower,2
r317,Dishwasher,1
r317,Washing Machine,1
r080,Toilet,2
r080,Sink,3
r080,Bathtub,1
r080,Shower,1
r080,Tub Shower,0
r080,Dishwasher,0
r080,Washing Machine,1
r005,Toilet,2
r005,Sink,2
r005,Bathtub,0
r005,Shower,2
r005,Tub Shower,0
r005,Dishwasher,0
r005,Washing Machine,1
r418,Toilet,1
r418,Sink,1
r418,Bathtub,0
r418,Shower,1
r418,Tub Shower,0
r418,Dishwasher,0
r418,Washing Machine,1
r047,Toilet,2
r047,Sink,4
r047,Bathtub,2
r047,Shower,2
r047,Tub Shower,2
r047,Dishwasher,1
r047,Washing Machine,1
r078,Toilet,2
r078,Sink,2
r078,Shower,2
r078,Dishwasher,1
r078,Washing Machine,1
r349,Toilet,2
r349,Sink,3
r349,Shower,1
r349,Tub Shower,1
r479,Toilet,2
r479,Sink,3
r479,Bathtub,0
r479,Shower,2
r479,Tub Shower,0
r479,Dishwasher,1
r479,Washing Machine,1
r293,Toilet,2
r293,Sink,3
r293,Bathtub,0
r293,Shower,2
r293,Tub Shower,1
r293,Dishwasher,1
r293,Washing Machine,1
r393,Toilet,2
r393,Sink,2
r393,Bathtub,0
r393,Shower,0
r393,Tub Shower,2
r393,Dishwasher,1
r393,Washing Machine,1
r061,Toilet,1
r061,Sink,1
r061,Bathtub,0
r061,Shower,0
r061,Tub Shower,1
r061,Dishwasher,-1
r061,Washing Machine,1
r547,Toilet,2
r547,Sink,3
r547,Bathtub,0
r547,Shower,2
r547,Tub Shower,1
r547,Dishwasher,1
r547,Washing Machine,1
r280,Toilet,2
r280,Sink,3
r280,Bathtub,0
r280,Shower,0
r280,Tub Shower,2
r280,Dishwasher,1
r280,Washing Machine,1
r120,Toilet,3
r474,Toilet,1
r474,Sink,1
r474,Bathtub,0
r474,Shower,1
r474,Tub Shower,0
r474,Dishwasher,0
r474,Washing Machine,1
r049,Dishwasher,-1
r049,Washing Machine,-1
r355,Toilet,2
r355,Sink,3
r355,Bathtub,0
r355,Shower,1
r355,Tub Shower,1
r355,Dishwasher,1
r355,Washing Machine,1
r000,Toilet,1
r000,Sink,1
r579,Toilet,1
r579,Sink,2
r579,Bathtub,0
r579,Shower,0
r579,Tub Shower,1
r579,Dishwasher,1
r579,Washing Machine,1
r264,Toilet,1
r264,Sink,1
r264,Bathtub,0
r264,Shower,1
r264,Tub Shower,0
r264,Dishwasher,1
r264,Washing Machine,1
r558,Toilet,2
r558,Sink,3
r558,Bathtub,0
r558,Shower,1
r558,Tub Shower,1
r558,Dishwasher,1
r558,Washing Machine,1
r288,Toilet,2
r288,Sink,2
r288,Bathtub,0
r288,Shower,2
r288,Tub Shower,0
r288,Dishwasher,1
r288,Washing Machine,1
r160,Toilet,2
r160,Sink,2
r160,Bathtub,0
r160,Shower,2
r160,Tub Shower,2
r160,Dishwasher,0
r248,Toilet,2
r248,Sink,4
r248,Bathtub,0
r248,Shower,1
r248,Tub Shower,1
r248,Dishwasher,1
r248,Washing Machine,1
r251,Toilet,1
r251,Sink,1
r251,Bathtub,0
r251,Shower,1
r251,Tub Shower,0
r251,Dishwasher,0
r251,Washing Machine,1
r425,Toilet,1
r425,Sink,1
r425,Bathtub,0
r425,Shower,1
r425,Tub Shower,0
r425,Dishwasher,0
r425,Washing Machine,1
r363,Toilet,1
r363,Sink,1
r363,Bathtub,0
r363,Shower,1
r363,Tub Shower,0
r363,Dishwasher,0
r363,Washing Machine,1
r447,Toilet,1
r447,Sink,2
r447,Bathtub,0
r447,Shower,1
r447,Tub Shower,0
r447,Dishwasher,0
r447,Washing Machine,1
