smart_meter_id,household_size,household_garden_area,household_pool_volume,household_pool,household_garden,residency_type,number_bathrooms,environmental_attitude,irrigation_system,house_plants,balcony_plants,building_size,appliance,efficiency,ecomode,timer
r319,140,200,0,0,1,Single Family,3,Medium sensitivity,0,NA,NA,NA,Washing Machine,A+,0,0
r120,120,70,0,0,1,Single Family,2,Medium sensitivity,0,NA,NA,NA,Washing Machine,A++,0,0
r204,200,500,0,0,1,House,3,Medium sensitivity,0,NA,NA,200,Washing Machine,A+++,1,0
r049,NA,NA,0,0,1,Single Family,3,NA,0,NA,NA,162,Washing Machine,NA,1,1
r092,200,60,0,0,1,Single Family,3,Low sensitivity,0,NA,NA,NA,Washing Machine,A,0,0
r349,100,0,0,0,0,Single Family,2,High sensitivity,0,NA,NA,NA,Washing Machine,A+++,1,1
r284,250,686,0,0,1,Single Family,3,High sensitivity,0,NA,NA,NA,Washing Machine,NA,1,1
r085,130,80,0,0,1,Other,3,Medium sensitivity,0,NA,NA,NA,Washing Machine,A+++,1,0
r197,NA,NA,NA,NA,NA,NA,NA,NA,NA,NA,NA,140,NA,NA,NA,NA
r330,NA,NA,NA,NA,NA,NA,NA,NA,NA,NA,NA,140,NA,NA,NA,NA
r153,NA,NA,NA,NA,NA,NA,NA,NA,NA,NA,NA,140,NA,NA,NA,NA
r205,134,1000,0,0,1,Single Family,2,Medium sensitivity,0,NA,NA,NA,Washing Machine,A+,1,1
r039,250,100,0,0,1,Single Family,1,Medium sensitivity,0,NA,NA,250,Dishwasher,A++,0,0
r000,95,600,0,0,1,Single Family,2,High sensitivity,0,NA,NA,95,Washing Machine,A+,1,0
r217,180,110,0,0,1,Single Family,2,Low sensitivity,1,NA,NA,180,Washing Machine,A++,1,0
r395,100,0,0,0,0,Flat,1,Medium sensitivity,0,0,0,NA,Washing Machine,A+,1,0
r554,160,0,0,0,0,Flat,2,Medium sensitivity,0,1,0,NA,Washing Machine,A++,1,0
r180,75,0,0,0,0,Flat,1,Medium sensitivity,0,1,0,NA,Washing Machine,A,0,0
r604,95,0,0,0,0,Other,1,High sensitivity,0,1,1,NA,Washing Machine,A++,1,1
r540,100,0,0,0,0,Single Family,2,High sensitivity,0,0,1,NA,Washing Machine,A+++,1,0
r560,114,0,0,0,0,Flat,2,Medium sensitivity,0,1,1,NA,NA,NA,NA,NA
r567,100,NA,NA,1,1,Flat,2,Medium sensitivity,0,1,1,NA,Washing Machine,A+,1,1
r608,70,0,0,0,0,Flat,2,Medium sensitivity,0,0,0,NA,Washing Machine,B,0,0
r442,70,0,0,0,0,Flat,1,High sensitivity,0,1,1,NA,Washing Machine,A++,1,0
r460,74,0,0,0,0,Flat,1,High sensitivity,0,0,0,NA,Washing Machine,NA,1,0
r559,NA,NA,NA,NA,NA,NA,NA,Medium sensitivity,NA,NA,NA,NA,Washing Machine,A+++,1,0
r557,120,0,0,0,0,Flat,2,Medium sensitivity,0,0,0,NA,Washing Machine,A++,1,1
r214,90,0,0,0,0,Flat,2,High sensitivity,0,1,1,NA,Washing Machine,A+++,0,1
r569,110,0,0,0,0,Flat,2,Medium sensitivity,0,0,0,NA,NA,NA,NA,NA
r439,58,0,0,0,0,Single Family,1,High sensitivity,0,0,0,NA,Washing Machine,A+,1,1
r352,110,2000,0,0,1,Flat,2,Medium sensitivity,0,0,0,NA,Washing Machine,A+,1,1
r375,90,0,0,0,0,Flat,2,Medium sensitivity,0,1,1,NA,NA,NA,NA,NA
r307,90,0,0,0,0,Flat,2,Medium sensitivity,0,NA,NA,NA,NA,NA,NA,NA
r481,47,0,0,0,0,Flat,1,Medium sensitivity,0,0,1,NA,Washing Machine,A+,1,1
r501,150,0,0,0,0,Flat,2,High sensitivity,0,0,1,NA,Washing Machine,A+++,1,1
r402,65,0,0,0,0,Flat,2,High sensitivity,0,0,0,NA,Washing Machine,A+,1,1
r528,112,0,0,0,0,Flat,2,High sensitivity,0,0,1,NA,Washing Machine,A+,1,1
r549,90,0,0,0,0,Flat,2,Medium sensitivity,0,0,0,NA,Washing Machine,A++,1,1
r461,90,0,0,0,0,Flat,2,High sensitivity,0,1,0,NA,Washing Machine,A+++,1,1
r123,100,0,0,0,0,Flat,1,High sensitivity,0,0,0,NA,Washing Machine,A++,1,1
r382,160,15,0,0,1,Single Family,4,Medium sensitivity,1,1,1,NA,Washing Machine,A++,1,1
r444,56,0,0,0,0,Flat,1,Medium sensitivity,0,1,0,NA,Washing Machine,A+,0,0
r498,64,0,0,0,0,Flat,1,Medium sensitivity,0,1,0,NA,Washing Machine,A,1,0
r593,120,0,0,0,0,Flat,2,Low sensitivity,0,0,0,NA,Washing Machine,A+,1,1
r441,60,0,0,0,0,Flat,2,Medium sensitivity,0,0,0,NA,Washing Machine,A+++,1,1
r535,90,0,0,0,0,Flat,2,Medium sensitivity,0,0,0,NA,Washing Machine,A+,1,0
r519,137,0,0,0,0,Flat,2,Medium sensitivity,0,0,0,NA,Washing Machine,A++,0,1
r562,108,0,0,0,0,Flat,2,Medium sensitivity,0,0,1,NA,Washing Machine,A+++,1,1
r566,NA,NA,NA,NA,NA,NA,NA,Medium sensitivity,NA,NA,NA,NA,NA,NA,NA,NA
r502,110,0,0,0,0,Flat,2,Medium sensitivity,0,0,0,NA,Washing Machine,A++,1,1
r376,89,0,NA,1,0,Flat,2,High sensitivity,0,1,1,NA,Washing Machine,A++,1,1
r529,107,0,0,0,0,Flat,2,Medium sensitivity,0,0,0,NA,Washing Machine,A,1,0
r463,138,0,0,0,0,Flat,3,Medium sensitivity,0,0,0,NA,Washing Machine,A++,1,1
r114,130,0,0,0,0,Flat,2,High sensitivity,0,1,1,NA,Washing Machine,A++,1,0
r426,87,0,0,0,0,Flat,2,Medium sensitivity,0,0,0,NA,Washing Machine,A++,1,1
r462,90,0,0,0,0,Flat,2,Medium sensitivity,0,1,0,NA,NA,NA,NA,NA
r064,150,0,60,1,0,Flat,2,Medium sensitivity,0,1,1,NA,Washing Machine,A++,1,0
r105,90,0,0,0,0,Flat,2,Medium sensitivity,0,0,0,NA,Washing Machine,A+,1,0
r487,56,0,0,0,0,Flat,1,High sensitivity,0,0,0,NA,Washing Machine,A+,1,0
r006,136,40,0,0,1,Single Family,2,High sensitivity,1,1,1,NA,Washing Machine,A+++,0,1
r210,85,0,0,0,0,Flat,2,Medium sensitivity,0,0,1,NA,Washing Machine,A+++,1,1
r581,130,0,0,0,0,Flat,2,High sensitivity,0,0,1,NA,Washing Machine,A+,1,1
r241,100,0,0,0,0,Flat,2,High sensitivity,0,0,1,NA,Washing Machine,A+++,0,1
r482,60,0,0,0,0,Flat,1,Medium sensitivity,0,0,1,NA,NA,NA,NA,NA
r222,85,0,0,0,0,Flat,2,Medium sensitivity,0,NA,NA,NA,Washing Machine,A+,1,1
r524,90,0,0,0,0,Flat,2,Medium sensitivity,0,0,1,NA,Washing Machine,A+,1,1
r454,NA,NA,NA,NA,NA,NA,NA,Medium sensitivity,NA,NA,NA,NA,Washing Machine,A,0,0
r388,75,0,0,0,0,Flat,1,Low sensitivity,0,0,0,NA,Washing Machine,A,1,0
r076,120,0,0,0,0,Flat,2,Medium sensitivity,0,0,0,NA,Washing Machine,A++,1,0
r445,110,0,0,0,0,Flat,2,High sensitivity,0,0,0,NA,Washing Machine,C,0,0
r401,100,0,0,0,0,Flat,2,Medium sensitivity,0,0,0,NA,Washing Machine,A+,1,0
r516,138,0,0,0,0,Flat,2,Medium sensitivity,0,0,0,NA,NA,NA,NA,NA
r512,150,0,0,0,0,Flat,2,Medium sensitivity,0,0,0,NA,Washing Machine,A,0,1
r600,80,0,0,0,0,Single Family,1,Medium sensitivity,0,0,0,NA,Washing Machine,A++,1,0
r417,75,0,0,0,0,Flat,1,Medium sensitivity,0,0,0,NA,Washing Machine,D,1,0
r521,80,0,0,0,0,Single Family,2,High sensitivity,0,0,0,NA,Washing Machine,A+,1,1
r543,120,0,0,0,0,Single Family,1,Medium sensitivity,0,0,0,NA,Washing Machine,A++,1,0
r212,NA,0,0,0,0,Flat,NA,High sensitivity,0,1,1,NA,Washing Machine,A++,1,1
r378,NA,NA,NA,NA,NA,NA,NA,Low sensitivity,NA,NA,NA,NA,Washing Machine,A,1,0
r471,200,50,30,1,1,Single Family,4,Medium sensitivity,0,0,0,NA,Washing Machine,A+,0,0
r453,65,0,0,0,0,Flat,2,Medium sensitivity,0,0,1,NA,Washing Machine,NA,1,1
r556,54,0,0,0,0,Flat,1,High sensitivity,0,0,0,NA,Washing Machine,F,0,0
r522,80,0,0,0,0,Flat,2,High sensitivity,0,NA,NA,NA,Washing Machine,B,1,1
r565,170,0,0,0,0,Flat,3,High sensitivity,0,1,0,NA,Washing Machine,A++,1,0
r590,65,0,0,0,0,Flat,1,Medium sensitivity,0,1,1,NA,Washing Machine,A+,1,1
r386,115,0,0,0,0,Flat,2,Medium sensitivity,0,1,1,NA,Washing Machine,A++,1,0
r433,101,0,0,0,0,Flat,2,Medium sensitivity,0,0,1,NA,Washing Machine,A,0,0
r108,100,0,0,0,0,Flat,2,High sensitivity,0,0,0,NA,Washing Machine,A+,1,0
r597,90,0,0,0,0,Flat,2,Medium sensitivity,0,1,1,NA,Washing Machine,A+,1,1
r452,75,0,0,0,0,Flat,1,Low sensitivity,0,0,1,NA,Washing Machine,B,0,0
r583,110,0,0,0,0,Flat,2,High sensitivity,0,0,0,NA,Washing Machine,A++,0,0
r032,100,0,0,0,0,Flat,1,High sensitivity,0,0,1,NA,Washing Machine,A+++,1,1
r268,110,0,0,0,0,Flat,2,High sensitivity,0,1,1,NA,Washing Machine,A+,0,0
r449,76,0,0,0,0,Flat,2,Medium sensitivity,0,0,1,NA,Washing Machine,A+++,1,1
r387,90,0,0,0,0,Flat,2,Medium sensitivity,0,0,0,NA,Washing Machine,A++,1,1
r391,70,0,0,0,0,Flat,2,Medium sensitivity,0,0,0,NA,Washing Machine,NA,1,0
r398,90,0,0,0,0,Flat,2,Medium sensitivity,0,0,0,NA,Washing Machine,A++,1,1
r405,90,0,0,0,0,Flat,1,Medium sensitivity,0,1,1,NA,Washing Machine,NA,1,0
r574,100,0,0,0,0,Flat,2,High sensitivity,0,0,0,NA,Washing Machine,A+++,1,0
r509,100,0,0,0,0,Flat,2,Medium sensitivity,0,0,0,NA,Washing Machine,A,1,0
r476,75,0,0,0,0,Flat,2,High sensitivity,0,1,1,NA,Washing Machine,B,1,1
r507,90,0,0,0,0,Flat,2,Medium sensitivity,0,0,0,NA,NA,NA,NA,NA
r403,50,0,0,0,0,Flat,1,High sensitivity,0,1,1,NA,Washing Machine,A++,1,1
r588,90,0,0,0,0,Flat,1,Medium sensitivity,0,0,0,NA,Washing Machine,NA,0,0
r473,75,0,0,0,0,Flat,1,High sensitivity,0,1,0,NA,Washing Machine,A+,1,1
r154,150,0,0,0,0,Flat,1,Medium sensitivity,0,0,0,NA,Washing Machine,A+,1,1
r598,90,0,0,0,0,Flat,2,Medium sensitivity,0,1,0,NA,Washing Machine,A+,1,0
r327,90,0,0,0,0,Flat,2,Medium sensitivity,0,0,0,NA,Washing Machine,A++,1,0
r576,100,0,0,0,0,Flat,2,Medium sensitivity,0,0,1,NA,Washing Machine,A+++,1,1
r429,100,0,0,0,0,Flat,2,High sensitivity,0,NA,NA,NA,Washing Machine,A+++,1,1
r377,NA,NA,NA,NA,NA,NA,NA,Medium sensitivity,NA,NA,NA,NA,Washing Machine,A+,1,0
r142,90,0,0,0,0,Flat,2,Medium sensitivity,0,0,0,NA,Washing Machine,A+++,1,0
r595,80,0,0,0,0,Flat,2,High sensitivity,0,0,0,NA,Washing Machine,A+++,1,0
r555,80,0,0,0,0,Flat,2,High sensitivity,0,0,0,NA,Washing Machine,A++,1,0
r523,154,0,0,0,0,Flat,2,High sensitivity,0,0,1,NA,Washing Machine,B,1,0
r564,90,0,0,0,0,Flat,2,Medium sensitivity,0,0,0,NA,Washing Machine,A++,1,0
r026,125,0,0,0,0,Flat,2,Medium sensitivity,0,0,0,NA,Washing Machine,A++,1,0
r314,39,0,0,0,0,Flat,1,Medium sensitivity,0,0,0,NA,Washing Machine,A,0,0
r525,90,20,0,0,1,Flat,2,Medium sensitivity,0,0,1,NA,Washing Machine,A+,1,0
r456,150,0,0,0,0,Flat,3,Medium sensitivity,0,0,0,NA,Washing Machine,A+++,1,0
r290,75,0,0,0,0,Flat,1,High sensitivity,0,0,0,NA,NA,NA,NA,NA
r411,90,0,0,0,0,Flat,2,High sensitivity,0,1,1,NA,Washing Machine,A+++,1,0
r505,60,0,0,0,0,Flat,1,High sensitivity,0,0,1,NA,Washing Machine,A++,0,0
r457,80,0,0,0,0,Flat,1,Medium sensitivity,0,NA,NA,NA,Washing Machine,A+++,1,1
r506,69,0,0,0,0,Single Family,1,High sensitivity,0,1,1,NA,Washing Machine,NA,1,0
r568,99,0,0,0,0,Flat,2,High sensitivity,0,0,0,NA,Washing Machine,E,0,0
r504,100,0,0,0,0,Flat,1,Medium sensitivity,0,0,0,NA,Washing Machine,A++,1,0
r508,71,0,0,0,0,Flat,1,Medium sensitivity,0,1,0,NA,Washing Machine,A++,1,1
r317,86,0,0,0,0,Flat,2,Medium sensitivity,0,0,0,NA,Washing Machine,A+++,1,1
r418,70,0,0,0,0,Flat,1,Medium sensitivity,0,0,1,NA,Washing Machine,A+,1,0
r479,110,0,0,0,0,Flat,2,Medium sensitivity,0,0,0,NA,Washing Machine,A++,1,0
r293,NA,NA,NA,NA,NA,NA,NA,Medium sensitivity,NA,NA,NA,NA,Washing Machine,A++,1,0
r393,90,0,0,0,0,Flat,2,Medium sensitivity,0,0,1,NA,Washing Machine,A,1,1
r547,180,0,0,0,0,Flat,2,High sensitivity,0,0,0,NA,Washing Machine,A+++,1,1
r173,NA,0,0,0,0,Flat,NA,NA,0,1,1,NA,NA,NA,NA,NA
r474,100,0,0,0,0,Flat,1,Medium sensitivity,0,NA,NA,NA,Washing Machine,A+++,1,0
r579,90,0,0,0,0,Flat,1,High sensitivity,0,0,0,NA,Washing Machine,A+++,1,0
r558,100,0,0,0,0,Flat,2,Medium sensitivity,0,0,1,NA,Washing Machine,A+,1,0
r248,140,0,0,0,0,Flat,2,High sensitivity,0,1,1,NA,Washing Machine,A+,1,0
r425,40,0,0,0,0,Flat,1,High sensitivity,0,1,0,NA,Washing Machine,A+,1,1
r447,67,0,0,0,0,Flat,1,Medium sensitivity,0,1,1,NA,Washing Machine,A+++,0,0
r582,NA,NA,NA,NA,NA,NA,NA,NA,NA,NA,NA,NA,Washing Machine,A+++,1,1
