index,smart_meter_id,household_size,household_garden_area,household_pool_volume,household_pool,household_garden,residency_type,number_bathrooms,environmental_attitude,irrigation_system,house_plants,balcony_plants,building_size,name,efficiency,ecomode,timer,name.1,number
0,319,140.0,200.0,0.0,0.0,1.0,Single Family,3.0,Medium environmental sensitivity,0.0,NULL,NULL,NULL,washing_machine,A+,0.0,0.0,toilet,2.0
1,319,140.0,200.0,0.0,0.0,1.0,Single Family,3.0,Medium environmental sensitivity,0.0,NULL,NULL,NULL,washing_machine,A+,0.0,0.0,sink,3.0
2,319,140.0,200.0,0.0,0.0,1.0,Single Family,3.0,Medium environmental sensitivity,0.0,NULL,NULL,NULL,washing_machine,A+,0.0,0.0,shower,2.0
3,319,140.0,200.0,0.0,0.0,1.0,Single Family,3.0,Medium environmental sensitivity,0.0,NULL,NULL,NULL,washing_machine,A+,0.0,0.0,tub_shower,1.0
4,319,140.0,200.0,0.0,0.0,1.0,Single Family,3.0,Medium environmental sensitivity,0.0,NULL,NULL,NULL,washing_machine,A+,0.0,0.0,dishwasher_simple,1.0
5,319,140.0,200.0,0.0,0.0,1.0,Single Family,3.0,Medium environmental sensitivity,0.0,NULL,NULL,NULL,washing_machine,A+,0.0,0.0,washing_machine_simple,1.0
6,319,140.0,200.0,0.0,0.0,1.0,Single Family,3.0,Medium environmental sensitivity,0.0,NULL,NULL,NULL,dishwasher,A+,0.0,0.0,toilet,2.0
7,319,140.0,200.0,0.0,0.0,1.0,Single Family,3.0,Medium environmental sensitivity,0.0,NULL,NULL,NULL,dishwasher,A+,0.0,0.0,sink,3.0
8,319,140.0,200.0,0.0,0.0,1.0,Single Family,3.0,Medium environmental sensitivity,0.0,NULL,NULL,NULL,dishwasher,A+,0.0,0.0,shower,2.0
9,319,140.0,200.0,0.0,0.0,1.0,Single Family,3.0,Medium environmental sensitivity,0.0,NULL,NULL,NULL,dishwasher,A+,0.0,0.0,tub_shower,1.0
10,319,140.0,200.0,0.0,0.0,1.0,Single Family,3.0,Medium environmental sensitivity,0.0,NULL,NULL,NULL,dishwasher,A+,0.0,0.0,dishwasher_simple,1.0
11,319,140.0,200.0,0.0,0.0,1.0,Single Family,3.0,Medium environmental sensitivity,0.0,NULL,NULL,NULL,dishwasher,A+,0.0,0.0,washing_machine_simple,1.0
12,120,120.0,70.0,0.0,0.0,1.0,Single Family,2.0,Medium environmental sensitivity,0.0,NULL,NULL,NULL,washing_machine,A++,0.0,0.0,toilet,2.0
13,120,120.0,70.0,0.0,0.0,1.0,Single Family,2.0,Medium environmental sensitivity,0.0,NULL,NULL,NULL,washing_machine,A++,0.0,0.0,sink,3.0
14,120,120.0,70.0,0.0,0.0,1.0,Single Family,2.0,Medium environmental sensitivity,0.0,NULL,NULL,NULL,washing_machine,A++,0.0,0.0,bathtub,0.0
15,120,120.0,70.0,0.0,0.0,1.0,Single Family,2.0,Medium environmental sensitivity,0.0,NULL,NULL,NULL,washing_machine,A++,0.0,0.0,shower,1.0
16,120,120.0,70.0,0.0,0.0,1.0,Single Family,2.0,Medium environmental sensitivity,0.0,NULL,NULL,NULL,washing_machine,A++,0.0,0.0,tub_shower,1.0
17,120,120.0,70.0,0.0,0.0,1.0,Single Family,2.0,Medium environmental sensitivity,0.0,NULL,NULL,NULL,washing_machine,A++,0.0,0.0,dishwasher_simple,1.0
18,120,120.0,70.0,0.0,0.0,1.0,Single Family,2.0,Medium environmental sensitivity,0.0,NULL,NULL,NULL,washing_machine,A++,0.0,0.0,washing_machine_simple,1.0
19,120,120.0,70.0,0.0,0.0,1.0,Single Family,2.0,Medium environmental sensitivity,0.0,NULL,NULL,NULL,dishwasher,A++,0.0,0.0,toilet,2.0
20,120,120.0,70.0,0.0,0.0,1.0,Single Family,2.0,Medium environmental sensitivity,0.0,NULL,NULL,NULL,dishwasher,A++,0.0,0.0,sink,3.0
21,120,120.0,70.0,0.0,0.0,1.0,Single Family,2.0,Medium environmental sensitivity,0.0,NULL,NULL,NULL,dishwasher,A++,0.0,0.0,bathtub,0.0
22,120,120.0,70.0,0.0,0.0,1.0,Single Family,2.0,Medium environmental sensitivity,0.0,NULL,NULL,NULL,dishwasher,A++,0.0,0.0,shower,1.0
23,120,120.0,70.0,0.0,0.0,1.0,Single Family,2.0,Medium environmental sensitivity,0.0,NULL,NULL,NULL,dishwasher,A++,0.0,0.0,tub_shower,1.0
24,120,120.0,70.0,0.0,0.0,1.0,Single Family,2.0,Medium environmental sensitivity,0.0,NULL,NULL,NULL,dishwasher,A++,0.0,0.0,dishwasher_simple,1.0
25,120,120.0,70.0,0.0,0.0,1.0,Single Family,2.0,Medium environmental sensitivity,0.0,NULL,NULL,NULL,dishwasher,A++,0.0,0.0,washing_machine_simple,1.0
26,229,NULL,NULL,NULL,NULL,NULL,NULL,NULL,NULL,NULL,NULL,NULL,NULL,NULL,NULL,NULL,NULL,NULL,NULL
27,315,NULL,NULL,NULL,NULL,NULL,NULL,NULL,NULL,NULL,NULL,NULL,NULL,NULL,NULL,NULL,NULL,NULL,NULL
28,40,NULL,NULL,NULL,NULL,NULL,NULL,NULL,NULL,NULL,NULL,NULL,NULL,NULL,NULL,NULL,NULL,NULL,NULL
29,148,NULL,NULL,NULL,NULL,NULL,NULL,NULL,NULL,NULL,NULL,NULL,NULL,NULL,NULL,NULL,NULL,NULL,NULL
30,311,NULL,NULL,NULL,NULL,NULL,NULL,NULL,NULL,NULL,NULL,NULL,NULL,NULL,NULL,NULL,NULL,NULL,NULL
31,204,200.0,500.0,0.0,0.0,1.0,House,3.0,Medium environmental sensitivity,0.0,NULL,NULL,200.0,washing_machine,A+++,1.0,0.0,toilet,3.0
32,204,200.0,500.0,0.0,0.0,1.0,House,3.0,Medium environmental sensitivity,0.0,NULL,NULL,200.0,washing_machine,A+++,1.0,0.0,sink,6.0
33,204,200.0,500.0,0.0,0.0,1.0,House,3.0,Medium environmental sensitivity,0.0,NULL,NULL,200.0,washing_machine,A+++,1.0,0.0,bathtub,1.0
34,204,200.0,500.0,0.0,0.0,1.0,House,3.0,Medium environmental sensitivity,0.0,NULL,NULL,200.0,washing_machine,A+++,1.0,0.0,shower,1.0
35,204,200.0,500.0,0.0,0.0,1.0,House,3.0,Medium environmental sensitivity,0.0,NULL,NULL,200.0,washing_machine,A+++,1.0,0.0,tub_shower,1.0
36,204,200.0,500.0,0.0,0.0,1.0,House,3.0,Medium environmental sensitivity,0.0,NULL,NULL,200.0,washing_machine,A+++,1.0,0.0,dishwasher_simple,2.0
37,204,200.0,500.0,0.0,0.0,1.0,House,3.0,Medium environmental sensitivity,0.0,NULL,NULL,200.0,washing_machine,A+++,1.0,0.0,washing_machine_simple,1.0
38,204,200.0,500.0,0.0,0.0,1.0,House,3.0,Medium environmental sensitivity,0.0,NULL,NULL,200.0,dishwasher,A++,0.0,0.0,toilet,3.0
39,204,200.0,500.0,0.0,0.0,1.0,House,3.0,Medium environmental sensitivity,0.0,NULL,NULL,200.0,dishwasher,A++,0.0,0.0,sink,6.0
40,204,200.0,500.0,0.0,0.0,1.0,House,3.0,Medium environmental sensitivity,0.0,NULL,NULL,200.0,dishwasher,A++,0.0,0.0,bathtub,1.0
41,204,200.0,500.0,0.0,0.0,1.0,House,3.0,Medium environmental sensitivity,0.0,NULL,NULL,200.0,dishwasher,A++,0.0,0.0,shower,1.0
42,204,200.0,500.0,0.0,0.0,1.0,House,3.0,Medium environmental sensitivity,0.0,NULL,NULL,200.0,dishwasher,A++,0.0,0.0,tub_shower,1.0
43,204,200.0,500.0,0.0,0.0,1.0,House,3.0,Medium environmental sensitivity,0.0,NULL,NULL,200.0,dishwasher,A++,0.0,0.0,dishwasher_simple,2.0
44,204,200.0,500.0,0.0,0.0,1.0,House,3.0,Medium environmental sensitivity,0.0,NULL,NULL,200.0,dishwasher,A++,0.0,0.0,washing_machine_simple,1.0
45,204,200.0,500.0,0.0,0.0,1.0,House,3.0,Medium environmental sensitivity,0.0,NULL,NULL,200.0,dishwasher,NULL,0.0,0.0,toilet,3.0
46,204,200.0,500.0,0.0,0.0,1.0,House,3.0,Medium environmental sensitivity,0.0,NULL,NULL,200.0,dishwasher,NULL,0.0,0.0,sink,6.0
47,204,200.0,500.0,0.0,0.0,1.0,House,3.0,Medium environmental sensitivity,0.0,NULL,NULL,200.0,dishwasher,NULL,0.0,0.0,bathtub,1.0
48,204,200.0,500.0,0.0,0.0,1.0,House,3.0,Medium environmental sensitivity,0.0,NULL,NULL,200.0,dishwasher,NULL,0.0,0.0,shower,1.0
49,204,200.0,500.0,0.0,0.0,1.0,House,3.0,Medium environmental sensitivity,0.0,NULL,NULL,200.0,dishwasher,NULL,0.0,0.0,tub_shower,1.0
50,204,200.0,500.0,0.0,0.0,1.0,House,3.0,Medium environmental sensitivity,0.0,NULL,NULL,200.0,dishwasher,NULL,0.0,0.0,dishwasher_simple,2.0
51,204,200.0,500.0,0.0,0.0,1.0,House,3.0,Medium environmental sensitivity,0.0,NULL,NULL,200.0,dishwasher,NULL,0.0,0.0,washing_machine_simple,1.0
52,49,NULL,NULL,0.0,0.0,1.0,Single Family,3.0,NULL,0.0,NULL,NULL,162.0,washing_machine,NULL,1.0,1.0,toilet,3.0
53,49,NULL,NULL,0.0,0.0,1.0,Single Family,3.0,NULL,0.0,NULL,NULL,162.0,washing_machine,NULL,1.0,1.0,sink,8.0
54,49,NULL,NULL,0.0,0.0,1.0,Single Family,3.0,NULL,0.0,NULL,NULL,162.0,washing_machine,NULL,1.0,1.0,bathtub,0.0
55,49,NULL,NULL,0.0,0.0,1.0,Single Family,3.0,NULL,0.0,NULL,NULL,162.0,washing_machine,NULL,1.0,1.0,shower,3.0
56,49,NULL,NULL,0.0,0.0,1.0,Single Family,3.0,NULL,0.0,NULL,NULL,162.0,washing_machine,NULL,1.0,1.0,tub_shower,1.0
57,49,NULL,NULL,0.0,0.0,1.0,Single Family,3.0,NULL,0.0,NULL,NULL,162.0,washing_machine,NULL,1.0,1.0,dishwasher_simple,1.0
58,49,NULL,NULL,0.0,0.0,1.0,Single Family,3.0,NULL,0.0,NULL,NULL,162.0,washing_machine,NULL,1.0,1.0,washing_machine_simple,2.0
59,49,NULL,NULL,0.0,0.0,1.0,Single Family,3.0,NULL,0.0,NULL,NULL,162.0,washing_machine,NULL,1.0,1.0,toilet,3.0
60,49,NULL,NULL,0.0,0.0,1.0,Single Family,3.0,NULL,0.0,NULL,NULL,162.0,washing_machine,NULL,1.0,1.0,sink,8.0
61,49,NULL,NULL,0.0,0.0,1.0,Single Family,3.0,NULL,0.0,NULL,NULL,162.0,washing_machine,NULL,1.0,1.0,bathtub,0.0
62,49,NULL,NULL,0.0,0.0,1.0,Single Family,3.0,NULL,0.0,NULL,NULL,162.0,washing_machine,NULL,1.0,1.0,shower,3.0
63,49,NULL,NULL,0.0,0.0,1.0,Single Family,3.0,NULL,0.0,NULL,NULL,162.0,washing_machine,NULL,1.0,1.0,tub_shower,1.0
64,49,NULL,NULL,0.0,0.0,1.0,Single Family,3.0,NULL,0.0,NULL,NULL,162.0,washing_machine,NULL,1.0,1.0,dishwasher_simple,1.0
65,49,NULL,NULL,0.0,0.0,1.0,Single Family,3.0,NULL,0.0,NULL,NULL,162.0,washing_machine,NULL,1.0,1.0,washing_machine_simple,2.0
66,49,NULL,NULL,0.0,0.0,1.0,Single Family,3.0,NULL,0.0,NULL,NULL,162.0,dishwasher,NULL,1.0,1.0,toilet,3.0
67,49,NULL,NULL,0.0,0.0,1.0,Single Family,3.0,NULL,0.0,NULL,NULL,162.0,dishwasher,NULL,1.0,1.0,sink,8.0
68,49,NULL,NULL,0.0,0.0,1.0,Single Family,3.0,NULL,0.0,NULL,NULL,162.0,dishwasher,NULL,1.0,1.0,bathtub,0.0
69,49,NULL,NULL,0.0,0.0,1.0,Single Family,3.0,NULL,0.0,NULL,NULL,162.0,dishwasher,NULL,1.0,1.0,shower,3.0
70,49,NULL,NULL,0.0,0.0,1.0,Single Family,3.0,NULL,0.0,NULL,NULL,162.0,dishwasher,NULL,1.0,1.0,tub_shower,1.0
71,49,NULL,NULL,0.0,0.0,1.0,Single Family,3.0,NULL,0.0,NULL,NULL,162.0,dishwasher,NULL,1.0,1.0,dishwasher_simple,1.0
72,49,NULL,NULL,0.0,0.0,1.0,Single Family,3.0,NULL,0.0,NULL,NULL,162.0,dishwasher,NULL,1.0,1.0,washing_machine_simple,2.0
73,367,NULL,NULL,NULL,NULL,NULL,NULL,NULL,NULL,NULL,NULL,NULL,NULL,NULL,NULL,NULL,NULL,NULL,NULL
74,89,NULL,NULL,NULL,NULL,NULL,NULL,NULL,NULL,NULL,NULL,NULL,NULL,NULL,NULL,NULL,NULL,NULL,NULL
75,179,NULL,NULL,NULL,NULL,NULL,NULL,NULL,NULL,NULL,NULL,NULL,NULL,NULL,NULL,NULL,NULL,NULL,NULL
76,179,NULL,NULL,NULL,NULL,NULL,NULL,NULL,NULL,NULL,NULL,NULL,NULL,NULL,NULL,NULL,NULL,NULL,NULL
77,60,NULL,NULL,NULL,NULL,NULL,NULL,NULL,NULL,NULL,NULL,NULL,NULL,NULL,NULL,NULL,NULL,NULL,NULL
78,60,NULL,NULL,NULL,NULL,NULL,NULL,NULL,NULL,NULL,NULL,NULL,NULL,NULL,NULL,NULL,NULL,NULL,NULL
79,60,NULL,NULL,NULL,NULL,NULL,NULL,NULL,NULL,NULL,NULL,NULL,NULL,NULL,NULL,NULL,NULL,NULL,NULL
80,60,NULL,NULL,NULL,NULL,NULL,NULL,NULL,NULL,NULL,NULL,NULL,NULL,NULL,NULL,NULL,NULL,NULL,NULL
81,60,130.0,50.0,6.0,1.0,1.0,Flat,2.0,Medium environmental sensitivity,0.0,NULL,NULL,NULL,washing_machine,A++,0.0,1.0,toilet,2.0
82,60,130.0,50.0,6.0,1.0,1.0,Flat,2.0,Medium environmental sensitivity,0.0,NULL,NULL,NULL,washing_machine,A++,0.0,1.0,sink,4.0
83,60,130.0,50.0,6.0,1.0,1.0,Flat,2.0,Medium environmental sensitivity,0.0,NULL,NULL,NULL,washing_machine,A++,0.0,1.0,shower,2.0
84,60,130.0,50.0,6.0,1.0,1.0,Flat,2.0,Medium environmental sensitivity,0.0,NULL,NULL,NULL,washing_machine,A++,0.0,1.0,tub_shower,2.0
85,60,130.0,50.0,6.0,1.0,1.0,Flat,2.0,Medium environmental sensitivity,0.0,NULL,NULL,NULL,washing_machine,A++,0.0,1.0,dishwasher_simple,1.0
86,60,130.0,50.0,6.0,1.0,1.0,Flat,2.0,Medium environmental sensitivity,0.0,NULL,NULL,NULL,washing_machine,A++,0.0,1.0,washing_machine_simple,1.0
87,60,130.0,50.0,6.0,1.0,1.0,Flat,2.0,Medium environmental sensitivity,0.0,NULL,NULL,NULL,dishwasher,A++,0.0,1.0,toilet,2.0
88,60,130.0,50.0,6.0,1.0,1.0,Flat,2.0,Medium environmental sensitivity,0.0,NULL,NULL,NULL,dishwasher,A++,0.0,1.0,sink,4.0
89,60,130.0,50.0,6.0,1.0,1.0,Flat,2.0,Medium environmental sensitivity,0.0,NULL,NULL,NULL,dishwasher,A++,0.0,1.0,shower,2.0
90,60,130.0,50.0,6.0,1.0,1.0,Flat,2.0,Medium environmental sensitivity,0.0,NULL,NULL,NULL,dishwasher,A++,0.0,1.0,tub_shower,2.0
91,60,130.0,50.0,6.0,1.0,1.0,Flat,2.0,Medium environmental sensitivity,0.0,NULL,NULL,NULL,dishwasher,A++,0.0,1.0,dishwasher_simple,1.0
92,60,130.0,50.0,6.0,1.0,1.0,Flat,2.0,Medium environmental sensitivity,0.0,NULL,NULL,NULL,dishwasher,A++,0.0,1.0,washing_machine_simple,1.0
93,60,NULL,NULL,NULL,NULL,NULL,NULL,NULL,NULL,NULL,NULL,NULL,NULL,NULL,NULL,NULL,NULL,NULL,NULL
94,218,NULL,NULL,NULL,NULL,NULL,NULL,NULL,NULL,NULL,NULL,NULL,NULL,NULL,NULL,NULL,NULL,NULL,NULL
95,67,NULL,NULL,NULL,NULL,NULL,NULL,NULL,NULL,NULL,NULL,NULL,NULL,NULL,NULL,NULL,NULL,NULL,NULL
96,67,NULL,NULL,NULL,NULL,NULL,NULL,NULL,NULL,NULL,NULL,NULL,NULL,NULL,NULL,NULL,NULL,NULL,NULL
97,65,NULL,NULL,NULL,NULL,NULL,NULL,NULL,NULL,NULL,NULL,NULL,NULL,NULL,NULL,NULL,NULL,NULL,NULL
98,121,NULL,NULL,NULL,NULL,NULL,NULL,NULL,NULL,NULL,NULL,NULL,NULL,NULL,NULL,NULL,NULL,NULL,NULL
99,200,NULL,NULL,NULL,NULL,NULL,NULL,NULL,NULL,NULL,NULL,NULL,NULL,NULL,NULL,NULL,NULL,NULL,NULL
100,200,NULL,NULL,NULL,NULL,NULL,NULL,NULL,NULL,NULL,NULL,NULL,NULL,NULL,NULL,NULL,NULL,NULL,NULL
101,200,NULL,NULL,NULL,NULL,NULL,NULL,NULL,NULL,NULL,NULL,NULL,NULL,NULL,NULL,NULL,NULL,NULL,NULL
102,369,NULL,NULL,NULL,NULL,NULL,NULL,NULL,NULL,NULL,NULL,NULL,NULL,NULL,NULL,NULL,NULL,NULL,NULL
103,172,NULL,NULL,NULL,NULL,NULL,NULL,NULL,NULL,NULL,NULL,NULL,NULL,NULL,NULL,NULL,NULL,NULL,NULL
104,371,NULL,NULL,NULL,NULL,NULL,NULL,NULL,NULL,NULL,NULL,NULL,NULL,NULL,NULL,NULL,NULL,NULL,NULL
105,110,NULL,NULL,NULL,NULL,NULL,NULL,NULL,NULL,NULL,NULL,NULL,NULL,NULL,NULL,NULL,NULL,NULL,NULL
106,348,NULL,NULL,NULL,NULL,NULL,NULL,NULL,NULL,NULL,NULL,NULL,NULL,NULL,NULL,NULL,NULL,NULL,NULL
107,365,NULL,NULL,NULL,NULL,NULL,NULL,NULL,NULL,NULL,NULL,NULL,NULL,NULL,NULL,NULL,NULL,NULL,NULL
108,316,NULL,NULL,NULL,NULL,NULL,NULL,NULL,NULL,NULL,NULL,NULL,NULL,NULL,NULL,NULL,NULL,NULL,NULL
109,285,NULL,NULL,NULL,NULL,NULL,NULL,NULL,NULL,NULL,NULL,NULL,NULL,NULL,NULL,NULL,NULL,NULL,NULL
110,78,NULL,NULL,NULL,NULL,NULL,NULL,NULL,NULL,NULL,NULL,NULL,NULL,NULL,NULL,NULL,NULL,NULL,NULL
111,35,NULL,NULL,NULL,NULL,NULL,NULL,NULL,NULL,NULL,NULL,NULL,NULL,NULL,NULL,NULL,NULL,NULL,NULL
112,177,NULL,NULL,NULL,NULL,NULL,NULL,NULL,NULL,NULL,NULL,NULL,NULL,NULL,NULL,NULL,NULL,NULL,NULL
113,45,NULL,NULL,NULL,NULL,NULL,NULL,NULL,NULL,NULL,NULL,NULL,NULL,NULL,NULL,NULL,NULL,NULL,NULL
114,45,NULL,NULL,NULL,NULL,NULL,NULL,NULL,NULL,NULL,NULL,NULL,NULL,NULL,NULL,NULL,NULL,NULL,NULL
115,45,NULL,NULL,NULL,NULL,NULL,NULL,NULL,NULL,NULL,NULL,NULL,NULL,NULL,NULL,NULL,NULL,NULL,NULL
116,45,NULL,NULL,NULL,NULL,NULL,NULL,NULL,NULL,NULL,NULL,NULL,NULL,NULL,NULL,NULL,NULL,NULL,NULL
117,122,NULL,NULL,NULL,NULL,NULL,NULL,NULL,NULL,NULL,NULL,NULL,NULL,NULL,NULL,NULL,NULL,NULL,NULL
118,282,NULL,NULL,NULL,NULL,NULL,NULL,NULL,NULL,NULL,NULL,NULL,NULL,NULL,NULL,NULL,NULL,NULL,NULL
119,282,NULL,NULL,NULL,NULL,NULL,NULL,NULL,NULL,NULL,NULL,NULL,NULL,NULL,NULL,NULL,NULL,NULL,NULL
120,161,NULL,NULL,NULL,NULL,NULL,NULL,NULL,NULL,NULL,NULL,NULL,NULL,NULL,NULL,NULL,NULL,NULL,NULL
121,161,NULL,NULL,NULL,NULL,NULL,NULL,NULL,NULL,NULL,NULL,NULL,NULL,NULL,NULL,NULL,NULL,NULL,NULL
122,161,NULL,NULL,NULL,NULL,NULL,NULL,NULL,NULL,NULL,NULL,NULL,NULL,NULL,NULL,NULL,NULL,NULL,NULL
123,161,NULL,NULL,NULL,NULL,NULL,NULL,NULL,NULL,NULL,NULL,NULL,NULL,NULL,NULL,NULL,NULL,NULL,NULL
124,161,NULL,NULL,NULL,NULL,NULL,NULL,NULL,NULL,NULL,NULL,NULL,NULL,NULL,NULL,NULL,NULL,NULL,NULL
125,119,NULL,NULL,NULL,NULL,NULL,NULL,NULL,NULL,NULL,NULL,NULL,NULL,NULL,NULL,NULL,NULL,NULL,NULL
126,171,NULL,NULL,NULL,NULL,NULL,NULL,NULL,NULL,NULL,NULL,NULL,NULL,NULL,NULL,NULL,NULL,NULL,NULL
127,171,NULL,NULL,NULL,NULL,NULL,NULL,NULL,NULL,NULL,NULL,NULL,NULL,NULL,NULL,NULL,NULL,NULL,NULL
128,171,NULL,NULL,NULL,NULL,NULL,NULL,NULL,NULL,NULL,NULL,NULL,NULL,NULL,NULL,NULL,NULL,NULL,NULL
129,360,NULL,NULL,NULL,NULL,NULL,NULL,NULL,NULL,NULL,NULL,NULL,NULL,NULL,NULL,NULL,NULL,NULL,NULL
130,48,NULL,NULL,NULL,NULL,NULL,NULL,NULL,NULL,NULL,NULL,NULL,NULL,NULL,NULL,NULL,NULL,NULL,NULL
131,48,NULL,NULL,NULL,NULL,NULL,NULL,NULL,NULL,NULL,NULL,NULL,NULL,NULL,NULL,NULL,NULL,NULL,NULL
132,48,NULL,NULL,NULL,NULL,NULL,NULL,NULL,NULL,NULL,NULL,NULL,NULL,NULL,NULL,NULL,NULL,NULL,NULL
133,83,NULL,NULL,NULL,NULL,NULL,NULL,NULL,NULL,NULL,NULL,NULL,NULL,NULL,NULL,NULL,NULL,NULL,NULL
134,92,200.0,60.0,0.0,0.0,1.0,Single Family,3.0,Low environmental sensitivity,0.0,NULL,NULL,NULL,washing_machine,A,0.0,0.0,toilet,3.0
135,92,200.0,60.0,0.0,0.0,1.0,Single Family,3.0,Low environmental sensitivity,0.0,NULL,NULL,NULL,washing_machine,A,0.0,0.0,sink,4.0
136,92,200.0,60.0,0.0,0.0,1.0,Single Family,3.0,Low environmental sensitivity,0.0,NULL,NULL,NULL,washing_machine,A,0.0,0.0,bathtub,0.0
137,92,200.0,60.0,0.0,0.0,1.0,Single Family,3.0,Low environmental sensitivity,0.0,NULL,NULL,NULL,washing_machine,A,0.0,0.0,shower,1.0
138,92,200.0,60.0,0.0,0.0,1.0,Single Family,3.0,Low environmental sensitivity,0.0,NULL,NULL,NULL,washing_machine,A,0.0,0.0,tub_shower,1.0
139,92,200.0,60.0,0.0,0.0,1.0,Single Family,3.0,Low environmental sensitivity,0.0,NULL,NULL,NULL,washing_machine,A,0.0,0.0,dishwasher_simple,1.0
140,92,200.0,60.0,0.0,0.0,1.0,Single Family,3.0,Low environmental sensitivity,0.0,NULL,NULL,NULL,washing_machine,A,0.0,0.0,washing_machine_simple,1.0
141,92,200.0,60.0,0.0,0.0,1.0,Single Family,3.0,Low environmental sensitivity,0.0,NULL,NULL,NULL,dishwasher,A,0.0,0.0,toilet,3.0
142,92,200.0,60.0,0.0,0.0,1.0,Single Family,3.0,Low environmental sensitivity,0.0,NULL,NULL,NULL,dishwasher,A,0.0,0.0,sink,4.0
143,92,200.0,60.0,0.0,0.0,1.0,Single Family,3.0,Low environmental sensitivity,0.0,NULL,NULL,NULL,dishwasher,A,0.0,0.0,bathtub,0.0
144,92,200.0,60.0,0.0,0.0,1.0,Single Family,3.0,Low environmental sensitivity,0.0,NULL,NULL,NULL,dishwasher,A,0.0,0.0,shower,1.0
145,92,200.0,60.0,0.0,0.0,1.0,Single Family,3.0,Low environmental sensitivity,0.0,NULL,NULL,NULL,dishwasher,A,0.0,0.0,tub_shower,1.0
146,92,200.0,60.0,0.0,0.0,1.0,Single Family,3.0,Low environmental sensitivity,0.0,NULL,NULL,NULL,dishwasher,A,0.0,0.0,dishwasher_simple,1.0
147,92,200.0,60.0,0.0,0.0,1.0,Single Family,3.0,Low environmental sensitivity,0.0,NULL,NULL,NULL,dishwasher,A,0.0,0.0,washing_machine_simple,1.0
148,265,NULL,NULL,NULL,NULL,NULL,NULL,NULL,NULL,NULL,NULL,NULL,NULL,NULL,NULL,NULL,NULL,NULL,NULL
149,265,NULL,NULL,NULL,NULL,NULL,NULL,NULL,NULL,NULL,NULL,NULL,NULL,NULL,NULL,NULL,NULL,NULL,NULL
150,265,NULL,NULL,NULL,NULL,NULL,NULL,NULL,NULL,NULL,NULL,NULL,NULL,NULL,NULL,NULL,NULL,NULL,NULL
151,323,NULL,NULL,NULL,NULL,NULL,NULL,NULL,NULL,NULL,NULL,NULL,NULL,NULL,NULL,NULL,NULL,NULL,NULL
152,19,NULL,NULL,NULL,NULL,NULL,NULL,NULL,NULL,NULL,NULL,NULL,NULL,NULL,NULL,NULL,NULL,NULL,NULL
153,19,NULL,NULL,NULL,NULL,NULL,NULL,NULL,NULL,NULL,NULL,NULL,NULL,NULL,NULL,NULL,NULL,NULL,NULL
154,19,NULL,NULL,NULL,NULL,NULL,NULL,NULL,NULL,NULL,NULL,NULL,NULL,NULL,NULL,NULL,NULL,NULL,NULL
155,19,NULL,NULL,NULL,NULL,NULL,NULL,NULL,NULL,NULL,NULL,NULL,NULL,NULL,NULL,NULL,NULL,NULL,NULL
156,91,NULL,NULL,NULL,NULL,NULL,NULL,NULL,NULL,NULL,NULL,NULL,NULL,NULL,NULL,NULL,NULL,NULL,NULL
157,166,NULL,NULL,NULL,NULL,NULL,NULL,NULL,NULL,NULL,NULL,NULL,NULL,NULL,NULL,NULL,NULL,NULL,NULL
158,349,100.0,0.0,0.0,0.0,0.0,Single Family,2.0,High environmental sensitivity,0.0,NULL,NULL,NULL,washing_machine,A+++,1.0,1.0,toilet,1.0
159,349,100.0,0.0,0.0,0.0,0.0,Single Family,2.0,High environmental sensitivity,0.0,NULL,NULL,NULL,washing_machine,A+++,1.0,1.0,sink,2.0
160,349,100.0,0.0,0.0,0.0,0.0,Single Family,2.0,High environmental sensitivity,0.0,NULL,NULL,NULL,washing_machine,A+++,1.0,1.0,bathtub,0.0
161,349,100.0,0.0,0.0,0.0,0.0,Single Family,2.0,High environmental sensitivity,0.0,NULL,NULL,NULL,washing_machine,A+++,1.0,1.0,shower,2.0
162,349,100.0,0.0,0.0,0.0,0.0,Single Family,2.0,High environmental sensitivity,0.0,NULL,NULL,NULL,washing_machine,A+++,1.0,1.0,tub_shower,0.0
163,349,100.0,0.0,0.0,0.0,0.0,Single Family,2.0,High environmental sensitivity,0.0,NULL,NULL,NULL,washing_machine,A+++,1.0,1.0,dishwasher_simple,1.0
164,349,100.0,0.0,0.0,0.0,0.0,Single Family,2.0,High environmental sensitivity,0.0,NULL,NULL,NULL,washing_machine,A+++,1.0,1.0,washing_machine_simple,1.0
165,349,100.0,0.0,0.0,0.0,0.0,Single Family,2.0,High environmental sensitivity,0.0,NULL,NULL,NULL,dishwasher,B,1.0,1.0,toilet,1.0
166,349,100.0,0.0,0.0,0.0,0.0,Single Family,2.0,High environmental sensitivity,0.0,NULL,NULL,NULL,dishwasher,B,1.0,1.0,sink,2.0
167,349,100.0,0.0,0.0,0.0,0.0,Single Family,2.0,High environmental sensitivity,0.0,NULL,NULL,NULL,dishwasher,B,1.0,1.0,bathtub,0.0
168,349,100.0,0.0,0.0,0.0,0.0,Single Family,2.0,High environmental sensitivity,0.0,NULL,NULL,NULL,dishwasher,B,1.0,1.0,shower,2.0
169,349,100.0,0.0,0.0,0.0,0.0,Single Family,2.0,High environmental sensitivity,0.0,NULL,NULL,NULL,dishwasher,B,1.0,1.0,tub_shower,0.0
170,349,100.0,0.0,0.0,0.0,0.0,Single Family,2.0,High environmental sensitivity,0.0,NULL,NULL,NULL,dishwasher,B,1.0,1.0,dishwasher_simple,1.0
171,349,100.0,0.0,0.0,0.0,0.0,Single Family,2.0,High environmental sensitivity,0.0,NULL,NULL,NULL,dishwasher,B,1.0,1.0,washing_machine_simple,1.0
172,231,NULL,NULL,NULL,NULL,NULL,NULL,NULL,NULL,NULL,NULL,NULL,NULL,NULL,NULL,NULL,NULL,NULL,NULL
173,149,NULL,NULL,NULL,NULL,NULL,NULL,NULL,NULL,NULL,NULL,NULL,NULL,NULL,NULL,NULL,NULL,NULL,NULL
174,149,NULL,NULL,NULL,NULL,NULL,NULL,NULL,NULL,NULL,NULL,NULL,NULL,NULL,NULL,NULL,NULL,NULL,NULL
175,270,NULL,NULL,NULL,NULL,NULL,NULL,NULL,NULL,NULL,NULL,NULL,NULL,NULL,NULL,NULL,NULL,NULL,NULL
176,27,NULL,NULL,NULL,NULL,NULL,NULL,NULL,NULL,NULL,NULL,NULL,NULL,NULL,NULL,NULL,NULL,NULL,NULL
177,27,NULL,NULL,NULL,NULL,NULL,NULL,NULL,NULL,NULL,NULL,NULL,NULL,NULL,NULL,NULL,NULL,NULL,NULL
178,27,NULL,NULL,NULL,NULL,NULL,NULL,NULL,NULL,NULL,NULL,NULL,NULL,NULL,NULL,NULL,NULL,NULL,NULL
179,113,NULL,NULL,NULL,NULL,NULL,NULL,NULL,NULL,NULL,NULL,NULL,NULL,NULL,NULL,NULL,NULL,NULL,NULL
180,284,250.0,686.0,0.0,0.0,1.0,Single Family,3.0,High environmental sensitivity,0.0,NULL,NULL,NULL,washing_machine,NULL,1.0,1.0,toilet,3.0
181,284,250.0,686.0,0.0,0.0,1.0,Single Family,3.0,High environmental sensitivity,0.0,NULL,NULL,NULL,washing_machine,NULL,1.0,1.0,sink,4.0
182,284,250.0,686.0,0.0,0.0,1.0,Single Family,3.0,High environmental sensitivity,0.0,NULL,NULL,NULL,washing_machine,NULL,1.0,1.0,bathtub,0.0
183,284,250.0,686.0,0.0,0.0,1.0,Single Family,3.0,High environmental sensitivity,0.0,NULL,NULL,NULL,washing_machine,NULL,1.0,1.0,shower,2.0
184,284,250.0,686.0,0.0,0.0,1.0,Single Family,3.0,High environmental sensitivity,0.0,NULL,NULL,NULL,washing_machine,NULL,1.0,1.0,tub_shower,1.0
185,284,250.0,686.0,0.0,0.0,1.0,Single Family,3.0,High environmental sensitivity,0.0,NULL,NULL,NULL,washing_machine,NULL,1.0,1.0,dishwasher_simple,1.0
186,284,250.0,686.0,0.0,0.0,1.0,Single Family,3.0,High environmental sensitivity,0.0,NULL,NULL,NULL,washing_machine,NULL,1.0,1.0,washing_machine_simple,1.0
187,284,250.0,686.0,0.0,0.0,1.0,Single Family,3.0,High environmental sensitivity,0.0,NULL,NULL,NULL,dishwasher,NULL,1.0,0.0,toilet,3.0
188,284,250.0,686.0,0.0,0.0,1.0,Single Family,3.0,High environmental sensitivity,0.0,NULL,NULL,NULL,dishwasher,NULL,1.0,0.0,sink,4.0
189,284,250.0,686.0,0.0,0.0,1.0,Single Family,3.0,High environmental sensitivity,0.0,NULL,NULL,NULL,dishwasher,NULL,1.0,0.0,bathtub,0.0
190,284,250.0,686.0,0.0,0.0,1.0,Single Family,3.0,High environmental sensitivity,0.0,NULL,NULL,NULL,dishwasher,NULL,1.0,0.0,shower,2.0
191,284,250.0,686.0,0.0,0.0,1.0,Single Family,3.0,High environmental sensitivity,0.0,NULL,NULL,NULL,dishwasher,NULL,1.0,0.0,tub_shower,1.0
192,284,250.0,686.0,0.0,0.0,1.0,Single Family,3.0,High environmental sensitivity,0.0,NULL,NULL,NULL,dishwasher,NULL,1.0,0.0,dishwasher_simple,1.0
193,284,250.0,686.0,0.0,0.0,1.0,Single Family,3.0,High environmental sensitivity,0.0,NULL,NULL,NULL,dishwasher,NULL,1.0,0.0,washing_machine_simple,1.0
194,255,NULL,NULL,NULL,NULL,NULL,NULL,NULL,NULL,NULL,NULL,NULL,NULL,NULL,NULL,NULL,NULL,NULL,NULL
195,1,NULL,NULL,NULL,NULL,NULL,NULL,NULL,NULL,NULL,NULL,NULL,NULL,NULL,NULL,NULL,NULL,NULL,NULL
196,310,NULL,NULL,NULL,NULL,NULL,NULL,NULL,NULL,NULL,NULL,NULL,NULL,NULL,NULL,NULL,NULL,NULL,NULL
197,343,NULL,NULL,NULL,NULL,NULL,NULL,NULL,NULL,NULL,NULL,NULL,NULL,NULL,NULL,NULL,NULL,NULL,NULL
198,28,NULL,NULL,NULL,NULL,NULL,NULL,NULL,NULL,NULL,NULL,NULL,NULL,NULL,NULL,NULL,NULL,NULL,NULL
199,28,NULL,NULL,NULL,NULL,NULL,NULL,NULL,NULL,NULL,NULL,NULL,NULL,NULL,NULL,NULL,NULL,NULL,NULL
200,28,NULL,NULL,NULL,NULL,NULL,NULL,NULL,NULL,NULL,NULL,NULL,NULL,NULL,NULL,NULL,NULL,NULL,NULL
201,28,NULL,NULL,NULL,NULL,NULL,NULL,NULL,NULL,NULL,NULL,NULL,NULL,NULL,NULL,NULL,NULL,NULL,NULL
202,28,NULL,NULL,NULL,NULL,NULL,NULL,NULL,NULL,NULL,NULL,NULL,NULL,NULL,NULL,NULL,NULL,NULL,NULL
203,28,NULL,NULL,NULL,NULL,NULL,NULL,NULL,NULL,NULL,NULL,NULL,NULL,NULL,NULL,NULL,NULL,NULL,NULL
204,28,NULL,NULL,NULL,NULL,NULL,NULL,NULL,NULL,NULL,NULL,NULL,NULL,NULL,NULL,NULL,NULL,NULL,NULL
205,10,NULL,NULL,NULL,NULL,NULL,NULL,NULL,NULL,NULL,NULL,NULL,NULL,NULL,NULL,NULL,NULL,NULL,NULL
206,36,NULL,NULL,NULL,NULL,NULL,NULL,NULL,NULL,NULL,NULL,NULL,NULL,NULL,NULL,NULL,NULL,NULL,NULL
207,36,NULL,NULL,NULL,NULL,NULL,NULL,NULL,NULL,NULL,NULL,NULL,NULL,NULL,NULL,NULL,NULL,NULL,NULL
208,36,NULL,NULL,NULL,NULL,NULL,NULL,NULL,NULL,NULL,NULL,NULL,NULL,NULL,NULL,NULL,NULL,NULL,NULL
209,288,NULL,NULL,NULL,NULL,NULL,NULL,NULL,NULL,NULL,NULL,NULL,NULL,NULL,NULL,NULL,NULL,NULL,NULL
210,189,NULL,NULL,NULL,NULL,NULL,NULL,NULL,NULL,NULL,NULL,NULL,NULL,NULL,NULL,NULL,NULL,NULL,NULL
211,57,NULL,NULL,NULL,NULL,NULL,NULL,NULL,NULL,NULL,NULL,NULL,NULL,NULL,NULL,NULL,NULL,NULL,NULL
212,302,NULL,NULL,NULL,NULL,NULL,NULL,NULL,NULL,NULL,NULL,NULL,NULL,NULL,NULL,NULL,NULL,NULL,NULL
213,302,120.0,300.0,0.0,0.0,1.0,Flat,4.0,Medium environmental sensitivity,0.0,NULL,NULL,NULL,washing_machine,A++,0.0,1.0,toilet,2.0
214,302,120.0,300.0,0.0,0.0,1.0,Flat,4.0,Medium environmental sensitivity,0.0,NULL,NULL,NULL,washing_machine,A++,0.0,1.0,sink,5.0
215,302,120.0,300.0,0.0,0.0,1.0,Flat,4.0,Medium environmental sensitivity,0.0,NULL,NULL,NULL,washing_machine,A++,0.0,1.0,bathtub,1.0
216,302,120.0,300.0,0.0,0.0,1.0,Flat,4.0,Medium environmental sensitivity,0.0,NULL,NULL,NULL,washing_machine,A++,0.0,1.0,shower,1.0
217,302,120.0,300.0,0.0,0.0,1.0,Flat,4.0,Medium environmental sensitivity,0.0,NULL,NULL,NULL,washing_machine,A++,0.0,1.0,tub_shower,1.0
218,302,120.0,300.0,0.0,0.0,1.0,Flat,4.0,Medium environmental sensitivity,0.0,NULL,NULL,NULL,washing_machine,A++,0.0,1.0,dishwasher_simple,1.0
219,302,120.0,300.0,0.0,0.0,1.0,Flat,4.0,Medium environmental sensitivity,0.0,NULL,NULL,NULL,washing_machine,A++,0.0,1.0,washing_machine_simple,1.0
220,302,120.0,300.0,0.0,0.0,1.0,Flat,4.0,Medium environmental sensitivity,0.0,NULL,NULL,NULL,dishwasher,A++,0.0,1.0,toilet,2.0
221,302,120.0,300.0,0.0,0.0,1.0,Flat,4.0,Medium environmental sensitivity,0.0,NULL,NULL,NULL,dishwasher,A++,0.0,1.0,sink,5.0
222,302,120.0,300.0,0.0,0.0,1.0,Flat,4.0,Medium environmental sensitivity,0.0,NULL,NULL,NULL,dishwasher,A++,0.0,1.0,bathtub,1.0
223,302,120.0,300.0,0.0,0.0,1.0,Flat,4.0,Medium environmental sensitivity,0.0,NULL,NULL,NULL,dishwasher,A++,0.0,1.0,shower,1.0
224,302,120.0,300.0,0.0,0.0,1.0,Flat,4.0,Medium environmental sensitivity,0.0,NULL,NULL,NULL,dishwasher,A++,0.0,1.0,tub_shower,1.0
225,302,120.0,300.0,0.0,0.0,1.0,Flat,4.0,Medium environmental sensitivity,0.0,NULL,NULL,NULL,dishwasher,A++,0.0,1.0,dishwasher_simple,1.0
226,302,120.0,300.0,0.0,0.0,1.0,Flat,4.0,Medium environmental sensitivity,0.0,NULL,NULL,NULL,dishwasher,A++,0.0,1.0,washing_machine_simple,1.0
227,302,NULL,NULL,NULL,NULL,NULL,NULL,NULL,NULL,NULL,NULL,NULL,NULL,NULL,NULL,NULL,NULL,NULL,NULL
228,302,NULL,NULL,NULL,NULL,NULL,NULL,NULL,NULL,NULL,NULL,NULL,NULL,NULL,NULL,NULL,NULL,NULL,NULL
229,302,NULL,NULL,NULL,NULL,NULL,NULL,NULL,NULL,NULL,NULL,NULL,NULL,NULL,NULL,NULL,NULL,NULL,NULL
230,302,NULL,NULL,NULL,NULL,NULL,NULL,NULL,NULL,NULL,NULL,NULL,NULL,NULL,NULL,NULL,NULL,NULL,NULL
231,340,NULL,NULL,NULL,NULL,NULL,NULL,NULL,NULL,NULL,NULL,NULL,NULL,NULL,NULL,NULL,NULL,NULL,NULL
232,156,NULL,NULL,NULL,NULL,NULL,NULL,NULL,NULL,NULL,NULL,NULL,NULL,NULL,NULL,NULL,NULL,NULL,NULL
233,156,NULL,NULL,NULL,NULL,NULL,NULL,NULL,NULL,NULL,NULL,NULL,NULL,NULL,NULL,NULL,NULL,NULL,NULL
234,151,NULL,NULL,NULL,NULL,NULL,NULL,NULL,NULL,NULL,NULL,NULL,NULL,NULL,NULL,NULL,NULL,NULL,NULL
235,305,NULL,NULL,NULL,NULL,NULL,NULL,NULL,NULL,NULL,NULL,NULL,NULL,NULL,NULL,NULL,NULL,NULL,NULL
236,269,NULL,NULL,NULL,NULL,NULL,NULL,NULL,NULL,NULL,NULL,NULL,NULL,NULL,NULL,NULL,NULL,NULL,NULL
237,174,NULL,NULL,NULL,NULL,NULL,NULL,NULL,NULL,NULL,NULL,NULL,NULL,NULL,NULL,NULL,NULL,NULL,NULL
238,174,NULL,NULL,NULL,NULL,NULL,NULL,NULL,NULL,NULL,NULL,NULL,NULL,NULL,NULL,NULL,NULL,NULL,NULL
239,174,NULL,NULL,NULL,NULL,NULL,NULL,NULL,NULL,NULL,NULL,NULL,NULL,NULL,NULL,NULL,NULL,NULL,NULL
240,81,NULL,NULL,NULL,NULL,NULL,NULL,NULL,NULL,NULL,NULL,NULL,NULL,NULL,NULL,NULL,NULL,NULL,NULL
241,176,NULL,NULL,NULL,NULL,NULL,NULL,NULL,NULL,NULL,NULL,NULL,NULL,NULL,NULL,NULL,NULL,NULL,NULL
242,170,NULL,NULL,NULL,NULL,NULL,NULL,NULL,NULL,NULL,NULL,NULL,NULL,NULL,NULL,NULL,NULL,NULL,NULL
243,192,NULL,NULL,NULL,NULL,NULL,NULL,NULL,NULL,NULL,NULL,NULL,NULL,NULL,NULL,NULL,NULL,NULL,NULL
244,124,NULL,NULL,NULL,NULL,NULL,NULL,NULL,NULL,NULL,NULL,NULL,NULL,NULL,NULL,NULL,NULL,NULL,NULL
245,306,NULL,NULL,NULL,NULL,NULL,NULL,NULL,NULL,NULL,NULL,NULL,NULL,NULL,NULL,NULL,NULL,NULL,NULL
246,278,NULL,NULL,NULL,NULL,NULL,NULL,NULL,NULL,NULL,NULL,NULL,NULL,NULL,NULL,NULL,NULL,NULL,NULL
247,165,NULL,NULL,NULL,NULL,NULL,NULL,NULL,NULL,NULL,NULL,NULL,NULL,NULL,NULL,NULL,NULL,NULL,NULL
248,165,NULL,NULL,NULL,NULL,NULL,NULL,NULL,NULL,NULL,NULL,NULL,NULL,NULL,NULL,NULL,NULL,NULL,NULL
249,125,NULL,NULL,NULL,NULL,NULL,NULL,NULL,NULL,NULL,NULL,NULL,NULL,NULL,NULL,NULL,NULL,NULL,NULL
250,366,NULL,NULL,NULL,NULL,NULL,NULL,NULL,NULL,NULL,NULL,NULL,NULL,NULL,NULL,NULL,NULL,NULL,NULL
251,157,NULL,NULL,NULL,NULL,NULL,NULL,NULL,NULL,NULL,NULL,NULL,NULL,NULL,NULL,NULL,NULL,NULL,NULL
252,164,NULL,NULL,NULL,NULL,NULL,NULL,NULL,NULL,NULL,NULL,NULL,NULL,NULL,NULL,NULL,NULL,NULL,NULL
253,320,NULL,NULL,NULL,NULL,NULL,NULL,NULL,NULL,NULL,NULL,NULL,NULL,NULL,NULL,NULL,NULL,NULL,NULL
254,155,NULL,NULL,NULL,NULL,NULL,NULL,NULL,NULL,NULL,NULL,NULL,NULL,NULL,NULL,NULL,NULL,NULL,NULL
255,325,NULL,NULL,NULL,NULL,NULL,NULL,NULL,NULL,NULL,NULL,NULL,NULL,NULL,NULL,NULL,NULL,NULL,NULL
256,325,NULL,NULL,NULL,NULL,NULL,NULL,NULL,NULL,NULL,NULL,NULL,NULL,NULL,NULL,NULL,NULL,NULL,NULL
257,90,NULL,NULL,NULL,NULL,NULL,NULL,NULL,NULL,NULL,NULL,NULL,NULL,NULL,NULL,NULL,NULL,NULL,NULL
258,87,NULL,NULL,NULL,NULL,NULL,NULL,NULL,NULL,NULL,NULL,NULL,NULL,NULL,NULL,NULL,NULL,NULL,NULL
259,115,NULL,NULL,NULL,NULL,NULL,NULL,NULL,NULL,NULL,NULL,NULL,NULL,NULL,NULL,NULL,NULL,NULL,NULL
260,140,NULL,NULL,NULL,NULL,NULL,NULL,NULL,NULL,NULL,NULL,NULL,NULL,NULL,NULL,NULL,NULL,NULL,NULL
261,66,NULL,NULL,NULL,NULL,NULL,NULL,NULL,NULL,NULL,NULL,NULL,NULL,NULL,NULL,NULL,NULL,NULL,NULL
262,321,NULL,NULL,NULL,NULL,NULL,NULL,NULL,NULL,NULL,NULL,NULL,NULL,NULL,NULL,NULL,NULL,NULL,NULL
263,345,NULL,NULL,NULL,NULL,NULL,NULL,NULL,NULL,NULL,NULL,NULL,NULL,NULL,NULL,NULL,NULL,NULL,NULL
264,346,NULL,NULL,NULL,NULL,NULL,NULL,NULL,NULL,NULL,NULL,NULL,NULL,NULL,NULL,NULL,NULL,NULL,NULL
265,251,NULL,NULL,NULL,NULL,NULL,NULL,NULL,NULL,NULL,NULL,NULL,NULL,NULL,NULL,NULL,NULL,NULL,NULL
266,328,NULL,NULL,NULL,NULL,NULL,NULL,NULL,NULL,NULL,NULL,NULL,NULL,NULL,NULL,NULL,NULL,NULL,NULL
267,187,NULL,NULL,NULL,NULL,NULL,NULL,NULL,NULL,NULL,NULL,NULL,NULL,NULL,NULL,NULL,NULL,NULL,NULL
268,111,NULL,NULL,NULL,NULL,NULL,NULL,NULL,NULL,NULL,NULL,NULL,NULL,NULL,NULL,NULL,NULL,NULL,NULL
269,289,NULL,NULL,NULL,NULL,NULL,NULL,NULL,NULL,NULL,NULL,NULL,NULL,NULL,NULL,NULL,NULL,NULL,NULL
270,289,NULL,NULL,NULL,NULL,NULL,NULL,NULL,NULL,NULL,NULL,NULL,NULL,NULL,NULL,NULL,NULL,NULL,NULL
271,289,NULL,NULL,NULL,NULL,NULL,NULL,NULL,NULL,NULL,NULL,NULL,NULL,NULL,NULL,NULL,NULL,NULL,NULL
272,75,NULL,NULL,NULL,NULL,NULL,NULL,NULL,NULL,NULL,NULL,NULL,NULL,NULL,NULL,NULL,NULL,NULL,NULL
273,169,NULL,NULL,NULL,NULL,NULL,NULL,NULL,NULL,NULL,NULL,NULL,NULL,NULL,NULL,NULL,NULL,NULL,NULL
274,18,NULL,NULL,NULL,NULL,NULL,NULL,NULL,NULL,NULL,NULL,NULL,NULL,NULL,NULL,NULL,NULL,NULL,NULL
275,25,NULL,NULL,NULL,NULL,NULL,NULL,NULL,NULL,NULL,NULL,NULL,NULL,NULL,NULL,NULL,NULL,NULL,NULL
276,240,NULL,NULL,NULL,NULL,NULL,NULL,NULL,NULL,NULL,NULL,NULL,NULL,NULL,NULL,NULL,NULL,NULL,NULL
277,82,NULL,NULL,NULL,NULL,NULL,NULL,NULL,NULL,NULL,NULL,NULL,NULL,NULL,NULL,NULL,NULL,NULL,NULL
278,329,NULL,NULL,NULL,NULL,NULL,NULL,NULL,NULL,NULL,NULL,NULL,NULL,NULL,NULL,NULL,NULL,NULL,NULL
279,281,NULL,NULL,NULL,NULL,NULL,NULL,NULL,NULL,NULL,NULL,NULL,NULL,NULL,NULL,NULL,NULL,NULL,NULL
280,134,NULL,NULL,NULL,NULL,NULL,NULL,NULL,NULL,NULL,NULL,NULL,NULL,NULL,NULL,NULL,NULL,NULL,NULL
281,183,NULL,NULL,NULL,NULL,NULL,NULL,NULL,NULL,NULL,NULL,NULL,NULL,NULL,NULL,NULL,NULL,NULL,NULL
282,301,NULL,NULL,NULL,NULL,NULL,NULL,NULL,NULL,NULL,NULL,NULL,NULL,NULL,NULL,NULL,NULL,NULL,NULL
283,300,NULL,NULL,NULL,NULL,NULL,NULL,NULL,NULL,NULL,NULL,NULL,NULL,NULL,NULL,NULL,NULL,NULL,NULL
284,244,NULL,NULL,NULL,NULL,NULL,NULL,NULL,NULL,NULL,NULL,NULL,NULL,NULL,NULL,NULL,NULL,NULL,NULL
285,244,NULL,NULL,NULL,NULL,NULL,NULL,NULL,NULL,NULL,NULL,NULL,NULL,NULL,NULL,NULL,NULL,NULL,NULL
286,131,NULL,NULL,NULL,NULL,NULL,NULL,NULL,NULL,NULL,NULL,NULL,NULL,NULL,NULL,NULL,NULL,NULL,NULL
287,359,NULL,NULL,NULL,NULL,NULL,NULL,NULL,NULL,NULL,NULL,NULL,NULL,NULL,NULL,NULL,NULL,NULL,NULL
288,359,NULL,NULL,NULL,NULL,NULL,NULL,NULL,NULL,NULL,NULL,NULL,NULL,NULL,NULL,NULL,NULL,NULL,NULL
289,16,NULL,NULL,NULL,NULL,NULL,NULL,NULL,NULL,NULL,NULL,NULL,NULL,NULL,NULL,NULL,NULL,NULL,NULL
290,227,NULL,NULL,NULL,NULL,NULL,NULL,NULL,NULL,NULL,NULL,NULL,NULL,NULL,NULL,NULL,NULL,NULL,NULL
291,363,NULL,NULL,NULL,NULL,NULL,NULL,NULL,NULL,NULL,NULL,NULL,NULL,NULL,NULL,NULL,NULL,NULL,NULL
292,137,NULL,NULL,NULL,NULL,NULL,NULL,NULL,NULL,NULL,NULL,NULL,NULL,NULL,NULL,NULL,NULL,NULL,NULL
293,128,NULL,NULL,NULL,NULL,NULL,NULL,NULL,NULL,NULL,NULL,NULL,NULL,NULL,NULL,NULL,NULL,NULL,NULL
294,128,NULL,NULL,NULL,NULL,NULL,NULL,NULL,NULL,NULL,NULL,NULL,NULL,NULL,NULL,NULL,NULL,NULL,NULL
295,128,NULL,NULL,NULL,NULL,NULL,NULL,NULL,NULL,NULL,NULL,NULL,NULL,NULL,NULL,NULL,NULL,NULL,NULL
296,128,NULL,NULL,NULL,NULL,NULL,NULL,NULL,NULL,NULL,NULL,NULL,NULL,NULL,NULL,NULL,NULL,NULL,NULL
297,50,NULL,NULL,NULL,NULL,NULL,NULL,NULL,NULL,NULL,NULL,NULL,NULL,NULL,NULL,NULL,NULL,NULL,NULL
298,138,NULL,NULL,NULL,NULL,NULL,NULL,NULL,NULL,NULL,NULL,NULL,NULL,NULL,NULL,NULL,NULL,NULL,NULL
299,356,NULL,NULL,NULL,NULL,NULL,NULL,NULL,NULL,NULL,NULL,NULL,NULL,NULL,NULL,NULL,NULL,NULL,NULL
300,356,NULL,NULL,NULL,NULL,NULL,NULL,NULL,NULL,NULL,NULL,NULL,NULL,NULL,NULL,NULL,NULL,NULL,NULL
301,333,NULL,NULL,NULL,NULL,NULL,NULL,NULL,NULL,NULL,NULL,NULL,NULL,NULL,NULL,NULL,NULL,NULL,NULL
302,150,NULL,NULL,NULL,NULL,NULL,NULL,NULL,NULL,NULL,NULL,NULL,NULL,NULL,NULL,NULL,NULL,NULL,NULL
303,150,NULL,NULL,NULL,NULL,NULL,NULL,NULL,NULL,NULL,NULL,NULL,NULL,NULL,NULL,NULL,NULL,NULL,NULL
304,116,NULL,NULL,NULL,NULL,NULL,NULL,NULL,NULL,NULL,NULL,NULL,NULL,NULL,NULL,NULL,NULL,NULL,NULL
305,116,NULL,NULL,NULL,NULL,NULL,NULL,NULL,NULL,NULL,NULL,NULL,NULL,NULL,NULL,NULL,NULL,NULL,NULL
306,236,NULL,NULL,NULL,NULL,NULL,NULL,NULL,NULL,NULL,NULL,NULL,NULL,NULL,NULL,NULL,NULL,NULL,NULL
307,68,NULL,NULL,NULL,NULL,NULL,NULL,NULL,NULL,NULL,NULL,NULL,NULL,NULL,NULL,NULL,NULL,NULL,NULL
308,143,NULL,NULL,NULL,NULL,NULL,NULL,NULL,NULL,NULL,NULL,NULL,NULL,NULL,NULL,NULL,NULL,NULL,NULL
309,85,130.0,80.0,0.0,0.0,1.0,Other,3.0,Medium environmental sensitivity,0.0,NULL,NULL,NULL,washing_machine,A+++,1.0,0.0,toilet,3.0
310,85,130.0,80.0,0.0,0.0,1.0,Other,3.0,Medium environmental sensitivity,0.0,NULL,NULL,NULL,washing_machine,A+++,1.0,0.0,sink,4.0
311,85,130.0,80.0,0.0,0.0,1.0,Other,3.0,Medium environmental sensitivity,0.0,NULL,NULL,NULL,washing_machine,A+++,1.0,0.0,bathtub,1.0
312,85,130.0,80.0,0.0,0.0,1.0,Other,3.0,Medium environmental sensitivity,0.0,NULL,NULL,NULL,washing_machine,A+++,1.0,0.0,shower,2.0
313,85,130.0,80.0,0.0,0.0,1.0,Other,3.0,Medium environmental sensitivity,0.0,NULL,NULL,NULL,washing_machine,A+++,1.0,0.0,tub_shower,0.0
314,85,130.0,80.0,0.0,0.0,1.0,Other,3.0,Medium environmental sensitivity,0.0,NULL,NULL,NULL,washing_machine,A+++,1.0,0.0,dishwasher_simple,1.0
315,85,130.0,80.0,0.0,0.0,1.0,Other,3.0,Medium environmental sensitivity,0.0,NULL,NULL,NULL,washing_machine,A+++,1.0,0.0,washing_machine_simple,1.0
316,85,130.0,80.0,0.0,0.0,1.0,Other,3.0,Medium environmental sensitivity,0.0,NULL,NULL,NULL,dishwasher,A,0.0,0.0,toilet,3.0
317,85,130.0,80.0,0.0,0.0,1.0,Other,3.0,Medium environmental sensitivity,0.0,NULL,NULL,NULL,dishwasher,A,0.0,0.0,sink,4.0
318,85,130.0,80.0,0.0,0.0,1.0,Other,3.0,Medium environmental sensitivity,0.0,NULL,NULL,NULL,dishwasher,A,0.0,0.0,bathtub,1.0
319,85,130.0,80.0,0.0,0.0,1.0,Other,3.0,Medium environmental sensitivity,0.0,NULL,NULL,NULL,dishwasher,A,0.0,0.0,shower,2.0
320,85,130.0,80.0,0.0,0.0,1.0,Other,3.0,Medium environmental sensitivity,0.0,NULL,NULL,NULL,dishwasher,A,0.0,0.0,tub_shower,0.0
321,85,130.0,80.0,0.0,0.0,1.0,Other,3.0,Medium environmental sensitivity,0.0,NULL,NULL,NULL,dishwasher,A,0.0,0.0,dishwasher_simple,1.0
322,85,130.0,80.0,0.0,0.0,1.0,Other,3.0,Medium environmental sensitivity,0.0,NULL,NULL,NULL,dishwasher,A,0.0,0.0,washing_machine_simple,1.0
323,74,NULL,NULL,NULL,NULL,NULL,NULL,NULL,NULL,NULL,NULL,NULL,NULL,NULL,NULL,NULL,NULL,NULL,NULL
324,197,NULL,NULL,NULL,NULL,NULL,NULL,NULL,NULL,NULL,NULL,NULL,140.0,NULL,NULL,NULL,NULL,NULL,NULL
325,197,140.0,100.0,0.0,0.0,1.0,Single Family,3.0,Medium environmental sensitivity,0.0,NULL,NULL,140.0,washing_machine,A+++,1.0,1.0,toilet,3.0
326,197,140.0,100.0,0.0,0.0,1.0,Single Family,3.0,Medium environmental sensitivity,0.0,NULL,NULL,140.0,washing_machine,A+++,1.0,1.0,sink,4.0
327,197,140.0,100.0,0.0,0.0,1.0,Single Family,3.0,Medium environmental sensitivity,0.0,NULL,NULL,140.0,washing_machine,A+++,1.0,1.0,bathtub,1.0
328,197,140.0,100.0,0.0,0.0,1.0,Single Family,3.0,Medium environmental sensitivity,0.0,NULL,NULL,140.0,washing_machine,A+++,1.0,1.0,shower,2.0
329,197,140.0,100.0,0.0,0.0,1.0,Single Family,3.0,Medium environmental sensitivity,0.0,NULL,NULL,140.0,washing_machine,A+++,1.0,1.0,tub_shower,0.0
330,197,140.0,100.0,0.0,0.0,1.0,Single Family,3.0,Medium environmental sensitivity,0.0,NULL,NULL,140.0,washing_machine,A+++,1.0,1.0,dishwasher_simple,1.0
331,197,140.0,100.0,0.0,0.0,1.0,Single Family,3.0,Medium environmental sensitivity,0.0,NULL,NULL,140.0,washing_machine,A+++,1.0,1.0,washing_machine_simple,1.0
332,197,140.0,100.0,0.0,0.0,1.0,Single Family,3.0,Medium environmental sensitivity,0.0,NULL,NULL,140.0,dishwasher,A,0.0,1.0,toilet,3.0
333,197,140.0,100.0,0.0,0.0,1.0,Single Family,3.0,Medium environmental sensitivity,0.0,NULL,NULL,140.0,dishwasher,A,0.0,1.0,sink,4.0
334,197,140.0,100.0,0.0,0.0,1.0,Single Family,3.0,Medium environmental sensitivity,0.0,NULL,NULL,140.0,dishwasher,A,0.0,1.0,bathtub,1.0
335,197,140.0,100.0,0.0,0.0,1.0,Single Family,3.0,Medium environmental sensitivity,0.0,NULL,NULL,140.0,dishwasher,A,0.0,1.0,shower,2.0
336,197,140.0,100.0,0.0,0.0,1.0,Single Family,3.0,Medium environmental sensitivity,0.0,NULL,NULL,140.0,dishwasher,A,0.0,1.0,tub_shower,0.0
337,197,140.0,100.0,0.0,0.0,1.0,Single Family,3.0,Medium environmental sensitivity,0.0,NULL,NULL,140.0,dishwasher,A,0.0,1.0,dishwasher_simple,1.0
338,197,140.0,100.0,0.0,0.0,1.0,Single Family,3.0,Medium environmental sensitivity,0.0,NULL,NULL,140.0,dishwasher,A,0.0,1.0,washing_machine_simple,1.0
339,330,NULL,NULL,NULL,NULL,NULL,NULL,NULL,NULL,NULL,NULL,NULL,140.0,NULL,NULL,NULL,NULL,NULL,NULL
340,153,NULL,NULL,NULL,NULL,NULL,NULL,NULL,NULL,NULL,NULL,NULL,140.0,NULL,NULL,NULL,NULL,NULL,NULL
341,259,NULL,NULL,NULL,NULL,NULL,NULL,NULL,NULL,NULL,NULL,NULL,NULL,NULL,NULL,NULL,NULL,NULL,NULL
342,104,NULL,NULL,NULL,NULL,NULL,NULL,NULL,NULL,NULL,NULL,NULL,NULL,NULL,NULL,NULL,NULL,NULL,NULL
343,104,NULL,NULL,NULL,NULL,NULL,NULL,NULL,NULL,NULL,NULL,NULL,NULL,NULL,NULL,NULL,NULL,NULL,NULL
344,104,NULL,NULL,NULL,NULL,NULL,NULL,NULL,NULL,NULL,NULL,NULL,NULL,NULL,NULL,NULL,NULL,NULL,NULL
345,99,NULL,NULL,NULL,NULL,NULL,NULL,NULL,NULL,NULL,NULL,NULL,NULL,NULL,NULL,NULL,NULL,NULL,NULL
346,99,NULL,NULL,NULL,NULL,NULL,NULL,NULL,NULL,NULL,NULL,NULL,NULL,NULL,NULL,NULL,NULL,NULL,NULL
347,99,NULL,NULL,NULL,NULL,NULL,NULL,NULL,NULL,NULL,NULL,NULL,NULL,NULL,NULL,NULL,NULL,NULL,NULL
348,339,NULL,NULL,NULL,NULL,NULL,NULL,NULL,NULL,NULL,NULL,NULL,NULL,NULL,NULL,NULL,NULL,NULL,NULL
349,20,NULL,NULL,NULL,NULL,NULL,NULL,NULL,NULL,NULL,NULL,NULL,NULL,NULL,NULL,NULL,NULL,NULL,NULL
350,46,NULL,NULL,NULL,NULL,NULL,NULL,NULL,NULL,NULL,NULL,NULL,NULL,NULL,NULL,NULL,NULL,NULL,NULL
351,202,NULL,NULL,NULL,NULL,NULL,NULL,NULL,NULL,NULL,NULL,NULL,NULL,NULL,NULL,NULL,NULL,NULL,NULL
352,202,NULL,NULL,NULL,NULL,NULL,NULL,NULL,NULL,NULL,NULL,NULL,NULL,NULL,NULL,NULL,NULL,NULL,NULL
353,202,NULL,NULL,NULL,NULL,NULL,NULL,NULL,NULL,NULL,NULL,NULL,NULL,NULL,NULL,NULL,NULL,NULL,NULL
354,202,NULL,NULL,NULL,NULL,NULL,NULL,NULL,NULL,NULL,NULL,NULL,NULL,NULL,NULL,NULL,NULL,NULL,NULL
355,202,NULL,NULL,NULL,NULL,NULL,NULL,NULL,NULL,NULL,NULL,NULL,NULL,NULL,NULL,NULL,NULL,NULL,NULL
356,279,NULL,NULL,NULL,NULL,NULL,NULL,NULL,NULL,NULL,NULL,NULL,NULL,NULL,NULL,NULL,NULL,NULL,NULL
357,279,NULL,NULL,NULL,NULL,NULL,NULL,NULL,NULL,NULL,NULL,NULL,NULL,NULL,NULL,NULL,NULL,NULL,NULL
358,279,NULL,NULL,NULL,NULL,NULL,NULL,NULL,NULL,NULL,NULL,NULL,NULL,NULL,NULL,NULL,NULL,NULL,NULL
359,279,NULL,NULL,NULL,NULL,NULL,NULL,NULL,NULL,NULL,NULL,NULL,NULL,NULL,NULL,NULL,NULL,NULL,NULL
360,279,NULL,NULL,NULL,NULL,NULL,NULL,NULL,NULL,NULL,NULL,NULL,NULL,NULL,NULL,NULL,NULL,NULL,NULL
361,242,NULL,NULL,NULL,NULL,NULL,NULL,NULL,NULL,NULL,NULL,NULL,NULL,NULL,NULL,NULL,NULL,NULL,NULL
362,205,134.0,1000.0,0.0,0.0,1.0,Single Family,2.0,Medium environmental sensitivity,0.0,NULL,NULL,NULL,washing_machine,A+,1.0,1.0,toilet,2.0
363,205,134.0,1000.0,0.0,0.0,1.0,Single Family,2.0,Medium environmental sensitivity,0.0,NULL,NULL,NULL,washing_machine,A+,1.0,1.0,sink,20.0
364,205,134.0,1000.0,0.0,0.0,1.0,Single Family,2.0,Medium environmental sensitivity,0.0,NULL,NULL,NULL,washing_machine,A+,1.0,1.0,bathtub,0.0
365,205,134.0,1000.0,0.0,0.0,1.0,Single Family,2.0,Medium environmental sensitivity,0.0,NULL,NULL,NULL,washing_machine,A+,1.0,1.0,shower,1.0
366,205,134.0,1000.0,0.0,0.0,1.0,Single Family,2.0,Medium environmental sensitivity,0.0,NULL,NULL,NULL,washing_machine,A+,1.0,1.0,tub_shower,1.0
367,205,134.0,1000.0,0.0,0.0,1.0,Single Family,2.0,Medium environmental sensitivity,0.0,NULL,NULL,NULL,washing_machine,A+,1.0,1.0,dishwasher_simple,1.0
368,205,134.0,1000.0,0.0,0.0,1.0,Single Family,2.0,Medium environmental sensitivity,0.0,NULL,NULL,NULL,washing_machine,A+,1.0,1.0,washing_machine_simple,1.0
369,205,134.0,1000.0,0.0,0.0,1.0,Single Family,2.0,Medium environmental sensitivity,0.0,NULL,NULL,NULL,dishwasher,A++,1.0,1.0,toilet,2.0
370,205,134.0,1000.0,0.0,0.0,1.0,Single Family,2.0,Medium environmental sensitivity,0.0,NULL,NULL,NULL,dishwasher,A++,1.0,1.0,sink,20.0
371,205,134.0,1000.0,0.0,0.0,1.0,Single Family,2.0,Medium environmental sensitivity,0.0,NULL,NULL,NULL,dishwasher,A++,1.0,1.0,bathtub,0.0
372,205,134.0,1000.0,0.0,0.0,1.0,Single Family,2.0,Medium environmental sensitivity,0.0,NULL,NULL,NULL,dishwasher,A++,1.0,1.0,shower,1.0
373,205,134.0,1000.0,0.0,0.0,1.0,Single Family,2.0,Medium environmental sensitivity,0.0,NULL,NULL,NULL,dishwasher,A++,1.0,1.0,tub_shower,1.0
374,205,134.0,1000.0,0.0,0.0,1.0,Single Family,2.0,Medium environmental sensitivity,0.0,NULL,NULL,NULL,dishwasher,A++,1.0,1.0,dishwasher_simple,1.0
375,205,134.0,1000.0,0.0,0.0,1.0,Single Family,2.0,Medium environmental sensitivity,0.0,NULL,NULL,NULL,dishwasher,A++,1.0,1.0,washing_machine_simple,1.0
376,211,NULL,NULL,NULL,NULL,NULL,NULL,NULL,NULL,NULL,NULL,NULL,NULL,NULL,NULL,NULL,NULL,NULL,NULL
377,372,NULL,NULL,NULL,NULL,NULL,NULL,NULL,NULL,NULL,NULL,NULL,NULL,NULL,NULL,NULL,NULL,NULL,NULL
378,232,NULL,NULL,NULL,NULL,NULL,NULL,NULL,NULL,NULL,NULL,NULL,NULL,NULL,NULL,NULL,NULL,NULL,NULL
379,308,NULL,NULL,NULL,NULL,NULL,NULL,NULL,NULL,NULL,NULL,NULL,NULL,NULL,NULL,NULL,NULL,NULL,NULL
380,263,NULL,NULL,NULL,NULL,NULL,NULL,NULL,NULL,NULL,NULL,NULL,NULL,NULL,NULL,NULL,NULL,NULL,NULL
381,263,40.0,50.0,0.0,0.0,1.0,House,1.0,Low environmental sensitivity,0.0,NULL,NULL,NULL,washing_machine,A,0.0,1.0,toilet,1.0
382,263,40.0,50.0,0.0,0.0,1.0,House,1.0,Low environmental sensitivity,0.0,NULL,NULL,NULL,washing_machine,A,0.0,1.0,sink,2.0
383,263,40.0,50.0,0.0,0.0,1.0,House,1.0,Low environmental sensitivity,0.0,NULL,NULL,NULL,washing_machine,A,0.0,1.0,bathtub,0.0
384,263,40.0,50.0,0.0,0.0,1.0,House,1.0,Low environmental sensitivity,0.0,NULL,NULL,NULL,washing_machine,A,0.0,1.0,shower,0.0
385,263,40.0,50.0,0.0,0.0,1.0,House,1.0,Low environmental sensitivity,0.0,NULL,NULL,NULL,washing_machine,A,0.0,1.0,tub_shower,1.0
386,263,40.0,50.0,0.0,0.0,1.0,House,1.0,Low environmental sensitivity,0.0,NULL,NULL,NULL,washing_machine,A,0.0,1.0,dishwasher_simple,1.0
387,263,40.0,50.0,0.0,0.0,1.0,House,1.0,Low environmental sensitivity,0.0,NULL,NULL,NULL,washing_machine,A,0.0,1.0,washing_machine_simple,1.0
388,263,40.0,50.0,0.0,0.0,1.0,House,1.0,Low environmental sensitivity,0.0,NULL,NULL,NULL,dishwasher,A+,0.0,1.0,toilet,1.0
389,263,40.0,50.0,0.0,0.0,1.0,House,1.0,Low environmental sensitivity,0.0,NULL,NULL,NULL,dishwasher,A+,0.0,1.0,sink,2.0
390,263,40.0,50.0,0.0,0.0,1.0,House,1.0,Low environmental sensitivity,0.0,NULL,NULL,NULL,dishwasher,A+,0.0,1.0,bathtub,0.0
391,263,40.0,50.0,0.0,0.0,1.0,House,1.0,Low environmental sensitivity,0.0,NULL,NULL,NULL,dishwasher,A+,0.0,1.0,shower,0.0
392,263,40.0,50.0,0.0,0.0,1.0,House,1.0,Low environmental sensitivity,0.0,NULL,NULL,NULL,dishwasher,A+,0.0,1.0,tub_shower,1.0
393,263,40.0,50.0,0.0,0.0,1.0,House,1.0,Low environmental sensitivity,0.0,NULL,NULL,NULL,dishwasher,A+,0.0,1.0,dishwasher_simple,1.0
394,263,40.0,50.0,0.0,0.0,1.0,House,1.0,Low environmental sensitivity,0.0,NULL,NULL,NULL,dishwasher,A+,0.0,1.0,washing_machine_simple,1.0
395,309,NULL,NULL,NULL,NULL,NULL,NULL,NULL,NULL,NULL,NULL,NULL,NULL,NULL,NULL,NULL,NULL,NULL,NULL
396,326,NULL,NULL,NULL,NULL,NULL,NULL,NULL,NULL,NULL,NULL,NULL,NULL,NULL,NULL,NULL,NULL,NULL,NULL
397,326,NULL,NULL,NULL,NULL,NULL,NULL,NULL,NULL,NULL,NULL,NULL,NULL,NULL,NULL,NULL,NULL,NULL,NULL
398,37,NULL,NULL,NULL,NULL,NULL,NULL,NULL,NULL,NULL,NULL,NULL,NULL,NULL,NULL,NULL,NULL,NULL,NULL
399,349,NULL,NULL,NULL,NULL,NULL,NULL,NULL,NULL,NULL,NULL,NULL,NULL,NULL,NULL,NULL,NULL,NULL,NULL
400,354,NULL,NULL,NULL,NULL,NULL,NULL,NULL,NULL,NULL,NULL,NULL,NULL,NULL,NULL,NULL,NULL,NULL,NULL
401,197,210.0,150.0,0.0,0.0,1.0,Single Family,2.0,Medium environmental sensitivity,0.0,NULL,NULL,140.0,washing_machine,D,0.0,0.0,toilet,2.0
402,197,210.0,150.0,0.0,0.0,1.0,Single Family,2.0,Medium environmental sensitivity,0.0,NULL,NULL,140.0,washing_machine,D,0.0,0.0,sink,4.0
403,197,210.0,150.0,0.0,0.0,1.0,Single Family,2.0,Medium environmental sensitivity,0.0,NULL,NULL,140.0,washing_machine,D,0.0,0.0,bathtub,0.0
404,197,210.0,150.0,0.0,0.0,1.0,Single Family,2.0,Medium environmental sensitivity,0.0,NULL,NULL,140.0,washing_machine,D,0.0,0.0,shower,1.0
405,197,210.0,150.0,0.0,0.0,1.0,Single Family,2.0,Medium environmental sensitivity,0.0,NULL,NULL,140.0,washing_machine,D,0.0,0.0,tub_shower,1.0
406,197,210.0,150.0,0.0,0.0,1.0,Single Family,2.0,Medium environmental sensitivity,0.0,NULL,NULL,140.0,washing_machine,D,0.0,0.0,dishwasher_simple,1.0
407,197,210.0,150.0,0.0,0.0,1.0,Single Family,2.0,Medium environmental sensitivity,0.0,NULL,NULL,140.0,washing_machine,D,0.0,0.0,washing_machine_simple,1.0
408,197,210.0,150.0,0.0,0.0,1.0,Single Family,2.0,Medium environmental sensitivity,0.0,NULL,NULL,140.0,dishwasher,B,1.0,0.0,toilet,2.0
409,197,210.0,150.0,0.0,0.0,1.0,Single Family,2.0,Medium environmental sensitivity,0.0,NULL,NULL,140.0,dishwasher,B,1.0,0.0,sink,4.0
410,197,210.0,150.0,0.0,0.0,1.0,Single Family,2.0,Medium environmental sensitivity,0.0,NULL,NULL,140.0,dishwasher,B,1.0,0.0,bathtub,0.0
411,197,210.0,150.0,0.0,0.0,1.0,Single Family,2.0,Medium environmental sensitivity,0.0,NULL,NULL,140.0,dishwasher,B,1.0,0.0,shower,1.0
412,197,210.0,150.0,0.0,0.0,1.0,Single Family,2.0,Medium environmental sensitivity,0.0,NULL,NULL,140.0,dishwasher,B,1.0,0.0,tub_shower,1.0
413,197,210.0,150.0,0.0,0.0,1.0,Single Family,2.0,Medium environmental sensitivity,0.0,NULL,NULL,140.0,dishwasher,B,1.0,0.0,dishwasher_simple,1.0
414,197,210.0,150.0,0.0,0.0,1.0,Single Family,2.0,Medium environmental sensitivity,0.0,NULL,NULL,140.0,dishwasher,B,1.0,0.0,washing_machine_simple,1.0
415,283,NULL,NULL,NULL,NULL,NULL,NULL,NULL,NULL,NULL,NULL,NULL,NULL,NULL,NULL,NULL,NULL,NULL,NULL
416,190,NULL,NULL,NULL,NULL,NULL,NULL,NULL,NULL,NULL,NULL,NULL,NULL,NULL,NULL,NULL,NULL,NULL,NULL
417,190,NULL,NULL,NULL,NULL,NULL,NULL,NULL,NULL,NULL,NULL,NULL,NULL,NULL,NULL,NULL,NULL,NULL,NULL
418,190,NULL,NULL,NULL,NULL,NULL,NULL,NULL,NULL,NULL,NULL,NULL,NULL,NULL,NULL,NULL,NULL,NULL,NULL
419,220,NULL,NULL,NULL,NULL,NULL,NULL,NULL,NULL,NULL,NULL,NULL,NULL,NULL,NULL,NULL,NULL,NULL,NULL
420,361,NULL,NULL,NULL,NULL,NULL,NULL,NULL,NULL,NULL,NULL,NULL,NULL,NULL,NULL,NULL,NULL,NULL,NULL
421,361,NULL,NULL,NULL,NULL,NULL,NULL,NULL,NULL,NULL,NULL,NULL,NULL,NULL,NULL,NULL,NULL,NULL,NULL
422,39,250.0,100.0,0.0,0.0,1.0,Single Family,1.0,Medium environmental sensitivity,0.0,NULL,NULL,250.0,dishwasher,A++,0.0,0.0,toilet,1.0
423,39,250.0,100.0,0.0,0.0,1.0,Single Family,1.0,Medium environmental sensitivity,0.0,NULL,NULL,250.0,dishwasher,A++,0.0,0.0,sink,2.0
424,39,250.0,100.0,0.0,0.0,1.0,Single Family,1.0,Medium environmental sensitivity,0.0,NULL,NULL,250.0,dishwasher,A++,0.0,0.0,bathtub,1.0
425,39,250.0,100.0,0.0,0.0,1.0,Single Family,1.0,Medium environmental sensitivity,0.0,NULL,NULL,250.0,dishwasher,A++,0.0,0.0,shower,0.0
426,39,250.0,100.0,0.0,0.0,1.0,Single Family,1.0,Medium environmental sensitivity,0.0,NULL,NULL,250.0,dishwasher,A++,0.0,0.0,tub_shower,0.0
427,39,250.0,100.0,0.0,0.0,1.0,Single Family,1.0,Medium environmental sensitivity,0.0,NULL,NULL,250.0,dishwasher,A++,0.0,0.0,dishwasher_simple,1.0
428,39,250.0,100.0,0.0,0.0,1.0,Single Family,1.0,Medium environmental sensitivity,0.0,NULL,NULL,250.0,dishwasher,A++,0.0,0.0,washing_machine_simple,0.0
429,261,NULL,NULL,NULL,NULL,NULL,NULL,NULL,NULL,NULL,NULL,NULL,NULL,NULL,NULL,NULL,NULL,NULL,NULL
430,196,NULL,NULL,NULL,NULL,NULL,NULL,NULL,NULL,NULL,NULL,NULL,NULL,NULL,NULL,NULL,NULL,NULL,NULL
431,41,NULL,NULL,NULL,NULL,NULL,NULL,NULL,NULL,NULL,NULL,NULL,NULL,NULL,NULL,NULL,NULL,NULL,NULL
432,7,NULL,NULL,NULL,NULL,NULL,NULL,NULL,NULL,NULL,NULL,NULL,NULL,NULL,NULL,NULL,NULL,NULL,NULL
433,69,NULL,NULL,NULL,NULL,NULL,NULL,NULL,NULL,NULL,NULL,NULL,NULL,NULL,NULL,NULL,NULL,NULL,NULL
434,56,NULL,NULL,NULL,NULL,NULL,NULL,NULL,NULL,NULL,NULL,NULL,NULL,NULL,NULL,NULL,NULL,NULL,NULL
435,47,NULL,NULL,NULL,NULL,NULL,NULL,NULL,NULL,NULL,NULL,NULL,NULL,NULL,NULL,NULL,NULL,NULL,NULL
436,47,NULL,NULL,NULL,NULL,NULL,NULL,NULL,NULL,NULL,NULL,NULL,NULL,NULL,NULL,NULL,NULL,NULL,NULL
437,47,NULL,NULL,NULL,NULL,NULL,NULL,NULL,NULL,NULL,NULL,NULL,NULL,NULL,NULL,NULL,NULL,NULL,NULL
438,47,NULL,NULL,NULL,NULL,NULL,NULL,NULL,NULL,NULL,NULL,NULL,NULL,NULL,NULL,NULL,NULL,NULL,NULL
439,47,NULL,NULL,NULL,NULL,NULL,NULL,NULL,NULL,NULL,NULL,NULL,NULL,NULL,NULL,NULL,NULL,NULL,NULL
440,33,NULL,NULL,NULL,NULL,NULL,NULL,NULL,NULL,NULL,NULL,NULL,NULL,NULL,NULL,NULL,NULL,NULL,NULL
441,33,NULL,NULL,NULL,NULL,NULL,NULL,NULL,NULL,NULL,NULL,NULL,NULL,NULL,NULL,NULL,NULL,NULL,NULL
442,33,NULL,NULL,NULL,NULL,NULL,NULL,NULL,NULL,NULL,NULL,NULL,NULL,NULL,NULL,NULL,NULL,NULL,NULL
443,271,NULL,NULL,NULL,NULL,NULL,NULL,NULL,NULL,NULL,NULL,NULL,NULL,NULL,NULL,NULL,NULL,NULL,NULL
444,271,NULL,NULL,NULL,NULL,NULL,NULL,NULL,NULL,NULL,NULL,NULL,NULL,NULL,NULL,NULL,NULL,NULL,NULL
445,135,NULL,NULL,NULL,NULL,NULL,NULL,NULL,NULL,NULL,NULL,NULL,NULL,NULL,NULL,NULL,NULL,NULL,NULL
446,135,NULL,NULL,NULL,NULL,NULL,NULL,NULL,NULL,NULL,NULL,NULL,NULL,NULL,NULL,NULL,NULL,NULL,NULL
447,135,NULL,NULL,NULL,NULL,NULL,NULL,NULL,NULL,NULL,NULL,NULL,NULL,NULL,NULL,NULL,NULL,NULL,NULL
448,135,NULL,NULL,NULL,NULL,NULL,NULL,NULL,NULL,NULL,NULL,NULL,NULL,NULL,NULL,NULL,NULL,NULL,NULL
449,195,NULL,NULL,NULL,NULL,NULL,NULL,NULL,NULL,NULL,NULL,NULL,NULL,NULL,NULL,NULL,NULL,NULL,NULL
450,95,NULL,NULL,NULL,NULL,NULL,NULL,NULL,NULL,NULL,NULL,NULL,NULL,NULL,NULL,NULL,NULL,NULL,NULL
451,95,NULL,NULL,NULL,NULL,NULL,NULL,NULL,NULL,NULL,NULL,NULL,NULL,NULL,NULL,NULL,NULL,NULL,NULL
452,338,NULL,NULL,NULL,NULL,NULL,NULL,NULL,NULL,NULL,NULL,NULL,NULL,NULL,NULL,NULL,NULL,NULL,NULL
453,5,NULL,NULL,NULL,NULL,NULL,NULL,NULL,NULL,NULL,NULL,NULL,NULL,NULL,NULL,NULL,NULL,NULL,NULL
454,5,NULL,NULL,NULL,NULL,NULL,NULL,NULL,NULL,NULL,NULL,NULL,NULL,NULL,NULL,NULL,NULL,NULL,NULL
455,5,NULL,NULL,NULL,NULL,NULL,NULL,NULL,NULL,NULL,NULL,NULL,NULL,NULL,NULL,NULL,NULL,NULL,NULL
456,5,NULL,NULL,NULL,NULL,NULL,NULL,NULL,NULL,NULL,NULL,NULL,NULL,NULL,NULL,NULL,NULL,NULL,NULL
457,234,NULL,NULL,NULL,NULL,NULL,NULL,NULL,NULL,NULL,NULL,NULL,NULL,NULL,NULL,NULL,NULL,NULL,NULL
458,234,NULL,NULL,NULL,NULL,NULL,NULL,NULL,NULL,NULL,NULL,NULL,NULL,NULL,NULL,NULL,NULL,NULL,NULL
459,234,NULL,NULL,NULL,NULL,NULL,NULL,NULL,NULL,NULL,NULL,NULL,NULL,NULL,NULL,NULL,NULL,NULL,NULL
460,267,NULL,NULL,NULL,NULL,NULL,NULL,NULL,NULL,NULL,NULL,NULL,NULL,NULL,NULL,NULL,NULL,NULL,NULL
461,353,NULL,NULL,NULL,NULL,NULL,NULL,NULL,NULL,NULL,NULL,NULL,NULL,NULL,NULL,NULL,NULL,NULL,NULL
462,139,NULL,NULL,NULL,NULL,NULL,NULL,NULL,NULL,NULL,NULL,NULL,NULL,NULL,NULL,NULL,NULL,NULL,NULL
463,139,NULL,NULL,NULL,NULL,NULL,NULL,NULL,NULL,NULL,NULL,NULL,NULL,NULL,NULL,NULL,NULL,NULL,NULL
464,139,NULL,NULL,NULL,NULL,NULL,NULL,NULL,NULL,NULL,NULL,NULL,NULL,NULL,NULL,NULL,NULL,NULL,NULL
465,139,NULL,NULL,NULL,NULL,NULL,NULL,NULL,NULL,NULL,NULL,NULL,NULL,NULL,NULL,NULL,NULL,NULL,NULL
466,237,NULL,NULL,NULL,NULL,NULL,NULL,NULL,NULL,NULL,NULL,NULL,NULL,NULL,NULL,NULL,NULL,NULL,NULL
467,237,NULL,NULL,NULL,NULL,NULL,NULL,NULL,NULL,NULL,NULL,NULL,NULL,NULL,NULL,NULL,NULL,NULL,NULL
468,129,NULL,NULL,NULL,NULL,NULL,NULL,NULL,NULL,NULL,NULL,NULL,NULL,NULL,NULL,NULL,NULL,NULL,NULL
469,86,NULL,NULL,NULL,NULL,NULL,NULL,NULL,NULL,NULL,NULL,NULL,NULL,NULL,NULL,NULL,NULL,NULL,NULL
470,24,NULL,NULL,NULL,NULL,NULL,NULL,NULL,NULL,NULL,NULL,NULL,NULL,NULL,NULL,NULL,NULL,NULL,NULL
471,24,NULL,NULL,NULL,NULL,NULL,NULL,NULL,NULL,NULL,NULL,NULL,NULL,NULL,NULL,NULL,NULL,NULL,NULL
472,188,NULL,NULL,NULL,NULL,NULL,NULL,NULL,NULL,NULL,NULL,NULL,NULL,NULL,NULL,NULL,NULL,NULL,NULL
473,103,NULL,NULL,NULL,NULL,NULL,NULL,NULL,NULL,NULL,NULL,NULL,NULL,NULL,NULL,NULL,NULL,NULL,NULL
474,141,NULL,NULL,NULL,NULL,NULL,NULL,NULL,NULL,NULL,NULL,NULL,NULL,NULL,NULL,NULL,NULL,NULL,NULL
475,42,NULL,NULL,NULL,NULL,NULL,NULL,NULL,NULL,NULL,NULL,NULL,NULL,NULL,NULL,NULL,NULL,NULL,NULL
476,322,NULL,NULL,NULL,NULL,NULL,NULL,NULL,NULL,NULL,NULL,NULL,NULL,NULL,NULL,NULL,NULL,NULL,NULL
477,322,NULL,NULL,NULL,NULL,NULL,NULL,NULL,NULL,NULL,NULL,NULL,NULL,NULL,NULL,NULL,NULL,NULL,NULL
478,61,NULL,NULL,NULL,NULL,NULL,NULL,NULL,NULL,NULL,NULL,NULL,NULL,NULL,NULL,NULL,NULL,NULL,NULL
479,61,NULL,NULL,NULL,NULL,NULL,NULL,NULL,NULL,NULL,NULL,NULL,NULL,NULL,NULL,NULL,NULL,NULL,NULL
480,272,NULL,NULL,NULL,NULL,NULL,NULL,NULL,NULL,NULL,NULL,NULL,NULL,NULL,NULL,NULL,NULL,NULL,NULL
481,8,NULL,NULL,NULL,NULL,NULL,NULL,NULL,NULL,NULL,NULL,NULL,NULL,NULL,NULL,NULL,NULL,NULL,NULL
482,235,NULL,NULL,NULL,NULL,NULL,NULL,NULL,NULL,NULL,NULL,NULL,NULL,NULL,NULL,NULL,NULL,NULL,NULL
483,98,NULL,NULL,NULL,NULL,NULL,NULL,NULL,NULL,NULL,NULL,NULL,NULL,NULL,NULL,NULL,NULL,NULL,NULL
484,167,NULL,NULL,NULL,NULL,NULL,NULL,NULL,NULL,NULL,NULL,NULL,NULL,NULL,NULL,NULL,NULL,NULL,NULL
485,152,NULL,NULL,NULL,NULL,NULL,NULL,NULL,NULL,NULL,NULL,NULL,NULL,NULL,NULL,NULL,NULL,NULL,NULL
486,136,NULL,NULL,NULL,NULL,NULL,NULL,NULL,NULL,NULL,NULL,NULL,NULL,NULL,NULL,NULL,NULL,NULL,NULL
487,23,NULL,NULL,NULL,NULL,NULL,NULL,NULL,NULL,NULL,NULL,NULL,NULL,NULL,NULL,NULL,NULL,NULL,NULL
488,23,NULL,NULL,NULL,NULL,NULL,NULL,NULL,NULL,NULL,NULL,NULL,NULL,NULL,NULL,NULL,NULL,NULL,NULL
489,23,NULL,NULL,NULL,NULL,NULL,NULL,NULL,NULL,NULL,NULL,NULL,NULL,NULL,NULL,NULL,NULL,NULL,NULL
490,23,NULL,NULL,NULL,NULL,NULL,NULL,NULL,NULL,NULL,NULL,NULL,NULL,NULL,NULL,NULL,NULL,NULL,NULL
491,23,NULL,NULL,NULL,NULL,NULL,NULL,NULL,NULL,NULL,NULL,NULL,NULL,NULL,NULL,NULL,NULL,NULL,NULL
492,145,NULL,NULL,NULL,NULL,NULL,NULL,NULL,NULL,NULL,NULL,NULL,NULL,NULL,NULL,NULL,NULL,NULL,NULL
493,336,NULL,NULL,NULL,NULL,NULL,NULL,NULL,NULL,NULL,NULL,NULL,NULL,NULL,NULL,NULL,NULL,NULL,NULL
494,107,NULL,NULL,NULL,NULL,NULL,NULL,NULL,NULL,NULL,NULL,NULL,NULL,NULL,NULL,NULL,NULL,NULL,NULL
495,253,NULL,NULL,NULL,NULL,NULL,NULL,NULL,NULL,NULL,NULL,NULL,NULL,NULL,NULL,NULL,NULL,NULL,NULL
496,54,NULL,NULL,NULL,NULL,NULL,NULL,NULL,NULL,NULL,NULL,NULL,NULL,NULL,NULL,NULL,NULL,NULL,NULL
497,243,NULL,NULL,NULL,NULL,NULL,NULL,NULL,NULL,NULL,NULL,NULL,NULL,NULL,NULL,NULL,NULL,NULL,NULL
498,55,NULL,NULL,NULL,NULL,NULL,NULL,NULL,NULL,NULL,NULL,NULL,NULL,NULL,NULL,NULL,NULL,NULL,NULL
499,233,NULL,NULL,NULL,NULL,NULL,NULL,NULL,NULL,NULL,NULL,NULL,NULL,NULL,NULL,NULL,NULL,NULL,NULL
500,299,NULL,NULL,NULL,NULL,NULL,NULL,NULL,NULL,NULL,NULL,NULL,NULL,NULL,NULL,NULL,NULL,NULL,NULL
501,299,NULL,NULL,NULL,NULL,NULL,NULL,NULL,NULL,NULL,NULL,NULL,NULL,NULL,NULL,NULL,NULL,NULL,NULL
502,299,NULL,NULL,NULL,NULL,NULL,NULL,NULL,NULL,NULL,NULL,NULL,NULL,NULL,NULL,NULL,NULL,NULL,NULL
503,178,NULL,NULL,NULL,NULL,NULL,NULL,NULL,NULL,NULL,NULL,NULL,NULL,NULL,NULL,NULL,NULL,NULL,NULL
504,178,NULL,NULL,NULL,NULL,NULL,NULL,NULL,NULL,NULL,NULL,NULL,NULL,NULL,NULL,NULL,NULL,NULL,NULL
505,178,NULL,NULL,NULL,NULL,NULL,NULL,NULL,NULL,NULL,NULL,NULL,NULL,NULL,NULL,NULL,NULL,NULL,NULL
506,84,NULL,NULL,NULL,NULL,NULL,NULL,NULL,NULL,NULL,NULL,NULL,NULL,NULL,NULL,NULL,NULL,NULL,NULL
507,341,NULL,NULL,NULL,NULL,NULL,NULL,NULL,NULL,NULL,NULL,NULL,NULL,NULL,NULL,NULL,NULL,NULL,NULL
508,186,NULL,NULL,NULL,NULL,NULL,NULL,NULL,NULL,NULL,NULL,NULL,NULL,NULL,NULL,NULL,NULL,NULL,NULL
509,186,NULL,NULL,NULL,NULL,NULL,NULL,NULL,NULL,NULL,NULL,NULL,NULL,NULL,NULL,NULL,NULL,NULL,NULL
510,292,NULL,NULL,NULL,NULL,NULL,NULL,NULL,NULL,NULL,NULL,NULL,NULL,NULL,NULL,NULL,NULL,NULL,NULL
511,292,NULL,NULL,NULL,NULL,NULL,NULL,NULL,NULL,NULL,NULL,NULL,NULL,NULL,NULL,NULL,NULL,NULL,NULL
512,292,NULL,NULL,NULL,NULL,NULL,NULL,NULL,NULL,NULL,NULL,NULL,NULL,NULL,NULL,NULL,NULL,NULL,NULL
513,207,NULL,NULL,NULL,NULL,NULL,NULL,NULL,NULL,NULL,NULL,NULL,NULL,NULL,NULL,NULL,NULL,NULL,NULL
514,77,NULL,NULL,NULL,NULL,NULL,NULL,NULL,NULL,NULL,NULL,NULL,NULL,NULL,NULL,NULL,NULL,NULL,NULL
515,276,NULL,NULL,NULL,NULL,NULL,NULL,NULL,NULL,NULL,NULL,NULL,NULL,NULL,NULL,NULL,NULL,NULL,NULL
516,276,NULL,NULL,NULL,NULL,NULL,NULL,NULL,NULL,NULL,NULL,NULL,NULL,NULL,NULL,NULL,NULL,NULL,NULL
517,276,NULL,NULL,NULL,NULL,NULL,NULL,NULL,NULL,NULL,NULL,NULL,NULL,NULL,NULL,NULL,NULL,NULL,NULL
518,250,NULL,NULL,NULL,NULL,NULL,NULL,NULL,NULL,NULL,NULL,NULL,NULL,NULL,NULL,NULL,NULL,NULL,NULL
519,209,NULL,NULL,NULL,NULL,NULL,NULL,NULL,NULL,NULL,NULL,NULL,NULL,NULL,NULL,NULL,NULL,NULL,NULL
520,209,NULL,NULL,NULL,NULL,NULL,NULL,NULL,NULL,NULL,NULL,NULL,NULL,NULL,NULL,NULL,NULL,NULL,NULL
521,239,NULL,NULL,NULL,NULL,NULL,NULL,NULL,NULL,NULL,NULL,NULL,NULL,NULL,NULL,NULL,NULL,NULL,NULL
522,358,NULL,NULL,NULL,NULL,NULL,NULL,NULL,NULL,NULL,NULL,NULL,NULL,NULL,NULL,NULL,NULL,NULL,NULL
523,9,NULL,NULL,NULL,NULL,NULL,NULL,NULL,NULL,NULL,NULL,NULL,NULL,NULL,NULL,NULL,NULL,NULL,NULL
524,59,NULL,NULL,NULL,NULL,NULL,NULL,NULL,NULL,NULL,NULL,NULL,NULL,NULL,NULL,NULL,NULL,NULL,NULL
525,100,NULL,NULL,NULL,NULL,NULL,NULL,NULL,NULL,NULL,NULL,NULL,NULL,NULL,NULL,NULL,NULL,NULL,NULL
526,221,NULL,NULL,NULL,NULL,NULL,NULL,NULL,NULL,NULL,NULL,NULL,NULL,NULL,NULL,NULL,NULL,NULL,NULL
527,29,NULL,NULL,NULL,NULL,NULL,NULL,NULL,NULL,NULL,NULL,NULL,NULL,NULL,NULL,NULL,NULL,NULL,NULL
528,15,NULL,NULL,NULL,NULL,NULL,NULL,NULL,NULL,NULL,NULL,NULL,NULL,NULL,NULL,NULL,NULL,NULL,NULL
529,252,NULL,NULL,NULL,NULL,NULL,NULL,NULL,NULL,NULL,NULL,NULL,NULL,NULL,NULL,NULL,NULL,NULL,NULL
530,252,NULL,NULL,NULL,NULL,NULL,NULL,NULL,NULL,NULL,NULL,NULL,NULL,NULL,NULL,NULL,NULL,NULL,NULL
531,313,NULL,NULL,NULL,NULL,NULL,NULL,NULL,NULL,NULL,NULL,NULL,NULL,NULL,NULL,NULL,NULL,NULL,NULL
532,334,NULL,NULL,NULL,NULL,NULL,NULL,NULL,NULL,NULL,NULL,NULL,NULL,NULL,NULL,NULL,NULL,NULL,NULL
533,334,NULL,NULL,NULL,NULL,NULL,NULL,NULL,NULL,NULL,NULL,NULL,NULL,NULL,NULL,NULL,NULL,NULL,NULL
534,58,NULL,NULL,NULL,NULL,NULL,NULL,NULL,NULL,NULL,NULL,NULL,NULL,NULL,NULL,NULL,NULL,NULL,NULL
535,368,NULL,NULL,NULL,NULL,NULL,NULL,NULL,NULL,NULL,NULL,NULL,NULL,NULL,NULL,NULL,NULL,NULL,NULL
536,296,NULL,NULL,NULL,NULL,NULL,NULL,NULL,NULL,NULL,NULL,NULL,NULL,NULL,NULL,NULL,NULL,NULL,NULL
537,130,NULL,NULL,NULL,NULL,NULL,NULL,NULL,NULL,NULL,NULL,NULL,NULL,NULL,NULL,NULL,NULL,NULL,NULL
538,262,NULL,NULL,NULL,NULL,NULL,NULL,NULL,NULL,NULL,NULL,NULL,NULL,NULL,NULL,NULL,NULL,NULL,NULL
539,168,NULL,NULL,NULL,NULL,NULL,NULL,NULL,NULL,NULL,NULL,NULL,NULL,NULL,NULL,NULL,NULL,NULL,NULL
540,260,NULL,NULL,NULL,NULL,NULL,NULL,NULL,NULL,NULL,NULL,NULL,NULL,NULL,NULL,NULL,NULL,NULL,NULL
541,362,NULL,NULL,NULL,NULL,NULL,NULL,NULL,NULL,NULL,NULL,NULL,NULL,NULL,NULL,NULL,NULL,NULL,NULL
542,303,NULL,NULL,NULL,NULL,NULL,NULL,NULL,NULL,NULL,NULL,NULL,NULL,NULL,NULL,NULL,NULL,NULL,NULL
543,303,NULL,NULL,NULL,NULL,NULL,NULL,NULL,NULL,NULL,NULL,NULL,NULL,NULL,NULL,NULL,NULL,NULL,NULL
544,303,NULL,NULL,NULL,NULL,NULL,NULL,NULL,NULL,NULL,NULL,NULL,NULL,NULL,NULL,NULL,NULL,NULL,NULL
545,224,NULL,NULL,NULL,NULL,NULL,NULL,NULL,NULL,NULL,NULL,NULL,NULL,NULL,NULL,NULL,NULL,NULL,NULL
546,224,NULL,NULL,NULL,NULL,NULL,NULL,NULL,NULL,NULL,NULL,NULL,NULL,NULL,NULL,NULL,NULL,NULL,NULL
547,51,NULL,NULL,NULL,NULL,NULL,NULL,NULL,NULL,NULL,NULL,NULL,NULL,NULL,NULL,NULL,NULL,NULL,NULL
548,203,NULL,NULL,NULL,NULL,NULL,NULL,NULL,NULL,NULL,NULL,NULL,NULL,NULL,NULL,NULL,NULL,NULL,NULL
549,342,NULL,NULL,NULL,NULL,NULL,NULL,NULL,NULL,NULL,NULL,NULL,NULL,NULL,NULL,NULL,NULL,NULL,NULL
550,342,NULL,NULL,NULL,NULL,NULL,NULL,NULL,NULL,NULL,NULL,NULL,NULL,NULL,NULL,NULL,NULL,NULL,NULL
551,286,NULL,NULL,NULL,NULL,NULL,NULL,NULL,NULL,NULL,NULL,NULL,NULL,NULL,NULL,NULL,NULL,NULL,NULL
552,245,NULL,NULL,NULL,NULL,NULL,NULL,NULL,NULL,NULL,NULL,NULL,NULL,NULL,NULL,NULL,NULL,NULL,NULL
553,38,NULL,NULL,NULL,NULL,NULL,NULL,NULL,NULL,NULL,NULL,NULL,NULL,NULL,NULL,NULL,NULL,NULL,NULL
554,30,NULL,NULL,NULL,NULL,NULL,NULL,NULL,NULL,NULL,NULL,NULL,NULL,NULL,NULL,NULL,NULL,NULL,NULL
555,44,NULL,NULL,NULL,NULL,NULL,NULL,NULL,NULL,NULL,NULL,NULL,NULL,NULL,NULL,NULL,NULL,NULL,NULL
556,0,95.0,600.0,0.0,0.0,1.0,Single Family,2.0,High environmental sensitivity,0.0,NULL,NULL,95.0,washing_machine,A+,1.0,0.0,toilet,2.0
557,0,95.0,600.0,0.0,0.0,1.0,Single Family,2.0,High environmental sensitivity,0.0,NULL,NULL,95.0,washing_machine,A+,1.0,0.0,sink,3.0
558,0,95.0,600.0,0.0,0.0,1.0,Single Family,2.0,High environmental sensitivity,0.0,NULL,NULL,95.0,washing_machine,A+,1.0,0.0,bathtub,0.0
559,0,95.0,600.0,0.0,0.0,1.0,Single Family,2.0,High environmental sensitivity,0.0,NULL,NULL,95.0,washing_machine,A+,1.0,0.0,shower,1.0
560,0,95.0,600.0,0.0,0.0,1.0,Single Family,2.0,High environmental sensitivity,0.0,NULL,NULL,95.0,washing_machine,A+,1.0,0.0,tub_shower,0.0
561,0,95.0,600.0,0.0,0.0,1.0,Single Family,2.0,High environmental sensitivity,0.0,NULL,NULL,95.0,washing_machine,A+,1.0,0.0,dishwasher_simple,1.0
562,0,95.0,600.0,0.0,0.0,1.0,Single Family,2.0,High environmental sensitivity,0.0,NULL,NULL,95.0,washing_machine,A+,1.0,0.0,washing_machine_simple,1.0
563,0,95.0,600.0,0.0,0.0,1.0,Single Family,2.0,High environmental sensitivity,0.0,NULL,NULL,95.0,dishwasher,A,0.0,0.0,toilet,2.0
564,0,95.0,600.0,0.0,0.0,1.0,Single Family,2.0,High environmental sensitivity,0.0,NULL,NULL,95.0,dishwasher,A,0.0,0.0,sink,3.0
565,0,95.0,600.0,0.0,0.0,1.0,Single Family,2.0,High environmental sensitivity,0.0,NULL,NULL,95.0,dishwasher,A,0.0,0.0,bathtub,0.0
566,0,95.0,600.0,0.0,0.0,1.0,Single Family,2.0,High environmental sensitivity,0.0,NULL,NULL,95.0,dishwasher,A,0.0,0.0,shower,1.0
567,0,95.0,600.0,0.0,0.0,1.0,Single Family,2.0,High environmental sensitivity,0.0,NULL,NULL,95.0,dishwasher,A,0.0,0.0,tub_shower,0.0
568,0,95.0,600.0,0.0,0.0,1.0,Single Family,2.0,High environmental sensitivity,0.0,NULL,NULL,95.0,dishwasher,A,0.0,0.0,dishwasher_simple,1.0
569,0,95.0,600.0,0.0,0.0,1.0,Single Family,2.0,High environmental sensitivity,0.0,NULL,NULL,95.0,dishwasher,A,0.0,0.0,washing_machine_simple,1.0
570,0,NULL,NULL,NULL,NULL,NULL,NULL,NULL,NULL,NULL,NULL,NULL,95.0,NULL,NULL,NULL,NULL,NULL,NULL
571,163,NULL,NULL,NULL,NULL,NULL,NULL,NULL,NULL,NULL,NULL,NULL,NULL,NULL,NULL,NULL,NULL,NULL,NULL
572,287,NULL,NULL,NULL,NULL,NULL,NULL,NULL,NULL,NULL,NULL,NULL,NULL,NULL,NULL,NULL,NULL,NULL,NULL
573,324,NULL,NULL,NULL,NULL,NULL,NULL,NULL,NULL,NULL,NULL,NULL,NULL,NULL,NULL,NULL,NULL,NULL,NULL
574,93,NULL,NULL,NULL,NULL,NULL,NULL,NULL,NULL,NULL,NULL,NULL,NULL,NULL,NULL,NULL,NULL,NULL,NULL
575,146,NULL,NULL,NULL,NULL,NULL,NULL,NULL,NULL,NULL,NULL,NULL,NULL,NULL,NULL,NULL,NULL,NULL,NULL
576,219,NULL,NULL,NULL,NULL,NULL,NULL,NULL,NULL,NULL,NULL,NULL,NULL,NULL,NULL,NULL,NULL,NULL,NULL
577,219,NULL,NULL,NULL,NULL,NULL,NULL,NULL,NULL,NULL,NULL,NULL,NULL,NULL,NULL,NULL,NULL,NULL,NULL
578,219,NULL,NULL,NULL,NULL,NULL,NULL,NULL,NULL,NULL,NULL,NULL,NULL,NULL,NULL,NULL,NULL,NULL,NULL
579,219,NULL,NULL,NULL,NULL,NULL,NULL,NULL,NULL,NULL,NULL,NULL,NULL,NULL,NULL,NULL,NULL,NULL,NULL
580,219,NULL,NULL,NULL,NULL,NULL,NULL,NULL,NULL,NULL,NULL,NULL,NULL,NULL,NULL,NULL,NULL,NULL,NULL
581,181,NULL,NULL,NULL,NULL,NULL,NULL,NULL,NULL,NULL,NULL,NULL,NULL,NULL,NULL,NULL,NULL,NULL,NULL
582,331,NULL,NULL,NULL,NULL,NULL,NULL,NULL,NULL,NULL,NULL,NULL,NULL,NULL,NULL,NULL,NULL,NULL,NULL
583,331,NULL,NULL,NULL,NULL,NULL,NULL,NULL,NULL,NULL,NULL,NULL,NULL,NULL,NULL,NULL,NULL,NULL,NULL
584,350,NULL,NULL,NULL,NULL,NULL,NULL,NULL,NULL,NULL,NULL,NULL,NULL,NULL,NULL,NULL,NULL,NULL,NULL
585,335,NULL,NULL,NULL,NULL,NULL,NULL,NULL,NULL,NULL,NULL,NULL,NULL,NULL,NULL,NULL,NULL,NULL,NULL
586,72,NULL,NULL,NULL,NULL,NULL,NULL,NULL,NULL,NULL,NULL,NULL,NULL,NULL,NULL,NULL,NULL,NULL,NULL
587,63,NULL,NULL,NULL,NULL,NULL,NULL,NULL,NULL,NULL,NULL,NULL,NULL,NULL,NULL,NULL,NULL,NULL,NULL
588,312,NULL,NULL,NULL,NULL,NULL,NULL,NULL,NULL,NULL,NULL,NULL,NULL,NULL,NULL,NULL,NULL,NULL,NULL
589,304,NULL,NULL,NULL,NULL,NULL,NULL,NULL,NULL,NULL,NULL,NULL,NULL,NULL,NULL,NULL,NULL,NULL,NULL
590,217,180.0,110.0,0.0,0.0,1.0,Single Family,2.0,Low environmental sensitivity,1.0,NULL,NULL,180.0,washing_machine,A++,1.0,0.0,toilet,2.0
591,217,180.0,110.0,0.0,0.0,1.0,Single Family,2.0,Low environmental sensitivity,1.0,NULL,NULL,180.0,washing_machine,A++,1.0,0.0,sink,5.0
592,217,180.0,110.0,0.0,0.0,1.0,Single Family,2.0,Low environmental sensitivity,1.0,NULL,NULL,180.0,washing_machine,A++,1.0,0.0,bathtub,0.0
593,217,180.0,110.0,0.0,0.0,1.0,Single Family,2.0,Low environmental sensitivity,1.0,NULL,NULL,180.0,washing_machine,A++,1.0,0.0,shower,2.0
594,217,180.0,110.0,0.0,0.0,1.0,Single Family,2.0,Low environmental sensitivity,1.0,NULL,NULL,180.0,washing_machine,A++,1.0,0.0,tub_shower,1.0
595,217,180.0,110.0,0.0,0.0,1.0,Single Family,2.0,Low environmental sensitivity,1.0,NULL,NULL,180.0,washing_machine,A++,1.0,0.0,dishwasher_simple,1.0
596,217,180.0,110.0,0.0,0.0,1.0,Single Family,2.0,Low environmental sensitivity,1.0,NULL,NULL,180.0,washing_machine,A++,1.0,0.0,washing_machine_simple,1.0
597,217,180.0,110.0,0.0,0.0,1.0,Single Family,2.0,Low environmental sensitivity,1.0,NULL,NULL,180.0,dishwasher,A++,1.0,0.0,toilet,2.0
598,217,180.0,110.0,0.0,0.0,1.0,Single Family,2.0,Low environmental sensitivity,1.0,NULL,NULL,180.0,dishwasher,A++,1.0,0.0,sink,5.0
599,217,180.0,110.0,0.0,0.0,1.0,Single Family,2.0,Low environmental sensitivity,1.0,NULL,NULL,180.0,dishwasher,A++,1.0,0.0,bathtub,0.0
600,217,180.0,110.0,0.0,0.0,1.0,Single Family,2.0,Low environmental sensitivity,1.0,NULL,NULL,180.0,dishwasher,A++,1.0,0.0,shower,2.0
601,217,180.0,110.0,0.0,0.0,1.0,Single Family,2.0,Low environmental sensitivity,1.0,NULL,NULL,180.0,dishwasher,A++,1.0,0.0,tub_shower,1.0
602,217,180.0,110.0,0.0,0.0,1.0,Single Family,2.0,Low environmental sensitivity,1.0,NULL,NULL,180.0,dishwasher,A++,1.0,0.0,dishwasher_simple,1.0
603,217,180.0,110.0,0.0,0.0,1.0,Single Family,2.0,Low environmental sensitivity,1.0,NULL,NULL,180.0,dishwasher,A++,1.0,0.0,washing_machine_simple,1.0
604,228,NULL,NULL,NULL,NULL,NULL,NULL,NULL,NULL,NULL,NULL,NULL,NULL,NULL,NULL,NULL,NULL,NULL,NULL
605,109,NULL,NULL,NULL,NULL,NULL,NULL,NULL,NULL,NULL,NULL,NULL,NULL,NULL,NULL,NULL,NULL,NULL,NULL
606,347,NULL,NULL,NULL,NULL,NULL,NULL,NULL,NULL,NULL,NULL,NULL,NULL,NULL,NULL,NULL,NULL,NULL,NULL
607,94,NULL,NULL,NULL,NULL,NULL,NULL,NULL,NULL,NULL,NULL,NULL,NULL,NULL,NULL,NULL,NULL,NULL,NULL
608,266,NULL,NULL,NULL,NULL,NULL,NULL,NULL,NULL,NULL,NULL,NULL,NULL,NULL,NULL,NULL,NULL,NULL,NULL
609,147,NULL,NULL,NULL,NULL,NULL,NULL,NULL,NULL,NULL,NULL,NULL,NULL,NULL,NULL,NULL,NULL,NULL,NULL
610,2,NULL,NULL,NULL,NULL,NULL,NULL,NULL,NULL,NULL,NULL,NULL,NULL,NULL,NULL,NULL,NULL,NULL,NULL
611,101,NULL,NULL,NULL,NULL,NULL,NULL,NULL,NULL,NULL,NULL,NULL,NULL,NULL,NULL,NULL,NULL,NULL,NULL
612,4,NULL,NULL,NULL,NULL,NULL,NULL,NULL,NULL,NULL,NULL,NULL,NULL,NULL,NULL,NULL,NULL,NULL,NULL
613,4,NULL,NULL,NULL,NULL,NULL,NULL,NULL,NULL,NULL,NULL,NULL,NULL,NULL,NULL,NULL,NULL,NULL,NULL
614,4,NULL,NULL,NULL,NULL,NULL,NULL,NULL,NULL,NULL,NULL,NULL,NULL,NULL,NULL,NULL,NULL,NULL,NULL
615,4,NULL,NULL,NULL,NULL,NULL,NULL,NULL,NULL,NULL,NULL,NULL,NULL,NULL,NULL,NULL,NULL,NULL,NULL
616,236,NULL,NULL,NULL,NULL,NULL,NULL,NULL,NULL,NULL,NULL,NULL,NULL,NULL,NULL,NULL,NULL,NULL,NULL
617,236,NULL,NULL,NULL,NULL,NULL,NULL,NULL,NULL,NULL,NULL,NULL,NULL,NULL,NULL,NULL,NULL,NULL,NULL
618,184,NULL,NULL,NULL,NULL,NULL,NULL,NULL,NULL,NULL,NULL,NULL,NULL,NULL,NULL,NULL,NULL,NULL,NULL
619,4,NULL,NULL,NULL,NULL,NULL,NULL,NULL,NULL,NULL,NULL,NULL,NULL,NULL,NULL,NULL,NULL,NULL,NULL
620,264,NULL,NULL,NULL,NULL,NULL,NULL,NULL,NULL,NULL,NULL,NULL,NULL,NULL,NULL,NULL,NULL,NULL,NULL
621,298,NULL,NULL,NULL,NULL,NULL,NULL,NULL,NULL,NULL,NULL,NULL,NULL,NULL,NULL,NULL,NULL,NULL,NULL
622,273,NULL,NULL,NULL,NULL,NULL,NULL,NULL,NULL,NULL,NULL,NULL,NULL,NULL,NULL,NULL,NULL,NULL,NULL
623,193,NULL,NULL,NULL,NULL,NULL,NULL,NULL,NULL,NULL,NULL,NULL,NULL,NULL,NULL,NULL,NULL,NULL,NULL
624,223,NULL,NULL,NULL,NULL,NULL,NULL,NULL,NULL,NULL,NULL,NULL,NULL,NULL,NULL,NULL,NULL,NULL,NULL
625,201,NULL,NULL,NULL,NULL,NULL,NULL,NULL,NULL,NULL,NULL,NULL,NULL,NULL,NULL,NULL,NULL,NULL,NULL
626,208,NULL,NULL,NULL,NULL,NULL,NULL,NULL,NULL,NULL,NULL,NULL,NULL,NULL,NULL,NULL,NULL,NULL,NULL
627,357,NULL,NULL,NULL,NULL,NULL,NULL,NULL,NULL,NULL,NULL,NULL,NULL,NULL,NULL,NULL,NULL,NULL,NULL
628,71,NULL,NULL,NULL,NULL,NULL,NULL,NULL,NULL,NULL,NULL,NULL,NULL,NULL,NULL,NULL,NULL,NULL,NULL
629,11,NULL,NULL,NULL,NULL,NULL,NULL,NULL,NULL,NULL,NULL,NULL,NULL,NULL,NULL,NULL,NULL,NULL,NULL
630,11,NULL,NULL,NULL,NULL,NULL,NULL,NULL,NULL,NULL,NULL,NULL,NULL,NULL,NULL,NULL,NULL,NULL,NULL
631,70,NULL,NULL,NULL,NULL,NULL,NULL,NULL,NULL,NULL,NULL,NULL,NULL,NULL,NULL,NULL,NULL,NULL,NULL
632,364,NULL,NULL,NULL,NULL,NULL,NULL,NULL,NULL,NULL,NULL,NULL,NULL,NULL,NULL,NULL,NULL,NULL,NULL
633,198,NULL,NULL,NULL,NULL,NULL,NULL,NULL,NULL,NULL,NULL,NULL,NULL,NULL,NULL,NULL,NULL,NULL,NULL
634,198,NULL,NULL,NULL,NULL,NULL,NULL,NULL,NULL,NULL,NULL,NULL,NULL,NULL,NULL,NULL,NULL,NULL,NULL
635,185,NULL,NULL,NULL,NULL,NULL,NULL,NULL,NULL,NULL,NULL,NULL,NULL,NULL,NULL,NULL,NULL,NULL,NULL
636,185,NULL,NULL,NULL,NULL,NULL,NULL,NULL,NULL,NULL,NULL,NULL,NULL,NULL,NULL,NULL,NULL,NULL,NULL
637,191,NULL,NULL,NULL,NULL,NULL,NULL,NULL,NULL,NULL,NULL,NULL,NULL,NULL,NULL,NULL,NULL,NULL,NULL
638,17,NULL,NULL,NULL,NULL,NULL,NULL,NULL,NULL,NULL,NULL,NULL,NULL,NULL,NULL,NULL,NULL,NULL,NULL
639,127,NULL,NULL,NULL,NULL,NULL,NULL,NULL,NULL,NULL,NULL,NULL,NULL,NULL,NULL,NULL,NULL,NULL,NULL
640,230,NULL,NULL,NULL,NULL,NULL,NULL,NULL,NULL,NULL,NULL,NULL,NULL,NULL,NULL,NULL,NULL,NULL,NULL
641,31,NULL,NULL,NULL,NULL,NULL,NULL,NULL,NULL,NULL,NULL,NULL,NULL,NULL,NULL,NULL,NULL,NULL,NULL
642,13,NULL,NULL,NULL,NULL,NULL,NULL,NULL,NULL,NULL,NULL,NULL,NULL,NULL,NULL,NULL,NULL,NULL,NULL
643,13,NULL,NULL,NULL,NULL,NULL,NULL,NULL,NULL,NULL,NULL,NULL,NULL,NULL,NULL,NULL,NULL,NULL,NULL
644,13,NULL,NULL,NULL,NULL,NULL,NULL,NULL,NULL,NULL,NULL,NULL,NULL,NULL,NULL,NULL,NULL,NULL,NULL
645,13,NULL,NULL,NULL,NULL,NULL,NULL,NULL,NULL,NULL,NULL,NULL,NULL,NULL,NULL,NULL,NULL,NULL,NULL
646,13,NULL,NULL,NULL,NULL,NULL,NULL,NULL,NULL,NULL,NULL,NULL,NULL,NULL,NULL,NULL,NULL,NULL,NULL
647,13,NULL,NULL,NULL,NULL,NULL,NULL,NULL,NULL,NULL,NULL,NULL,NULL,NULL,NULL,NULL,NULL,NULL,NULL
648,13,NULL,NULL,NULL,NULL,NULL,NULL,NULL,NULL,NULL,NULL,NULL,NULL,NULL,NULL,NULL,NULL,NULL,NULL
649,295,NULL,NULL,NULL,NULL,NULL,NULL,NULL,NULL,NULL,NULL,NULL,NULL,NULL,NULL,NULL,NULL,NULL,NULL
650,257,NULL,NULL,NULL,NULL,NULL,NULL,NULL,NULL,NULL,NULL,NULL,NULL,NULL,NULL,NULL,NULL,NULL,NULL
651,257,NULL,NULL,NULL,NULL,NULL,NULL,NULL,NULL,NULL,NULL,NULL,NULL,NULL,NULL,NULL,NULL,NULL,NULL
652,213,NULL,NULL,NULL,NULL,NULL,NULL,NULL,NULL,NULL,NULL,NULL,NULL,NULL,NULL,NULL,NULL,NULL,NULL
653,22,NULL,NULL,NULL,NULL,NULL,NULL,NULL,NULL,NULL,NULL,NULL,NULL,NULL,NULL,NULL,NULL,NULL,NULL
654,215,NULL,NULL,NULL,NULL,NULL,NULL,NULL,NULL,NULL,NULL,NULL,NULL,NULL,NULL,NULL,NULL,NULL,NULL
655,117,NULL,NULL,NULL,NULL,NULL,NULL,NULL,NULL,NULL,NULL,NULL,NULL,NULL,NULL,NULL,NULL,NULL,NULL
656,112,NULL,NULL,NULL,NULL,NULL,NULL,NULL,NULL,NULL,NULL,NULL,NULL,NULL,NULL,NULL,NULL,NULL,NULL
657,247,NULL,NULL,NULL,NULL,NULL,NULL,NULL,NULL,NULL,NULL,NULL,NULL,NULL,NULL,NULL,NULL,NULL,NULL
658,274,NULL,NULL,NULL,NULL,NULL,NULL,NULL,NULL,NULL,NULL,NULL,NULL,NULL,NULL,NULL,NULL,NULL,NULL
659,374,NULL,NULL,NULL,NULL,NULL,NULL,NULL,NULL,NULL,NULL,NULL,NULL,NULL,NULL,NULL,NULL,NULL,NULL
660,106,NULL,NULL,NULL,NULL,NULL,NULL,NULL,NULL,NULL,NULL,NULL,NULL,NULL,NULL,NULL,NULL,NULL,NULL
661,89,NULL,NULL,NULL,NULL,NULL,NULL,NULL,NULL,NULL,NULL,NULL,NULL,NULL,NULL,NULL,NULL,NULL,NULL
662,225,NULL,NULL,NULL,NULL,NULL,NULL,NULL,NULL,NULL,NULL,NULL,NULL,NULL,NULL,NULL,NULL,NULL,NULL
663,62,NULL,NULL,NULL,NULL,NULL,NULL,NULL,NULL,NULL,NULL,NULL,NULL,NULL,NULL,NULL,NULL,NULL,NULL
664,73,NULL,NULL,NULL,NULL,NULL,NULL,NULL,NULL,NULL,NULL,NULL,NULL,NULL,NULL,NULL,NULL,NULL,NULL
665,118,NULL,NULL,NULL,NULL,NULL,NULL,NULL,NULL,NULL,NULL,NULL,NULL,NULL,NULL,NULL,NULL,NULL,NULL
666,373,NULL,NULL,NULL,NULL,NULL,NULL,NULL,NULL,NULL,NULL,NULL,NULL,NULL,NULL,NULL,NULL,NULL,NULL
667,162,NULL,NULL,NULL,NULL,NULL,NULL,NULL,NULL,NULL,NULL,NULL,NULL,NULL,NULL,NULL,NULL,NULL,NULL
668,102,NULL,NULL,NULL,NULL,NULL,NULL,NULL,NULL,NULL,NULL,NULL,NULL,NULL,NULL,NULL,NULL,NULL,NULL
669,102,NULL,NULL,NULL,NULL,NULL,NULL,NULL,NULL,NULL,NULL,NULL,NULL,NULL,NULL,NULL,NULL,NULL,NULL
670,226,NULL,NULL,NULL,NULL,NULL,NULL,NULL,NULL,NULL,NULL,NULL,NULL,NULL,NULL,NULL,NULL,NULL,NULL
671,144,NULL,NULL,NULL,NULL,NULL,NULL,NULL,NULL,NULL,NULL,NULL,NULL,NULL,NULL,NULL,NULL,NULL,NULL
672,144,NULL,NULL,NULL,NULL,NULL,NULL,NULL,NULL,NULL,NULL,NULL,NULL,NULL,NULL,NULL,NULL,NULL,NULL
673,182,NULL,NULL,NULL,NULL,NULL,NULL,NULL,NULL,NULL,NULL,NULL,NULL,NULL,NULL,NULL,NULL,NULL,NULL
674,126,NULL,NULL,NULL,NULL,NULL,NULL,NULL,NULL,NULL,NULL,NULL,NULL,NULL,NULL,NULL,NULL,NULL,NULL
675,160,NULL,NULL,NULL,NULL,NULL,NULL,NULL,NULL,NULL,NULL,NULL,NULL,NULL,NULL,NULL,NULL,NULL,NULL
676,160,NULL,0.0,0.0,0.0,0.0,Single Family,NULL,High environmental sensitivity,0.0,NULL,NULL,NULL,washing_machine,B,0.0,0.0,toilet,1.0
677,160,NULL,0.0,0.0,0.0,0.0,Single Family,NULL,High environmental sensitivity,0.0,NULL,NULL,NULL,washing_machine,B,0.0,0.0,sink,4.0
678,160,NULL,0.0,0.0,0.0,0.0,Single Family,NULL,High environmental sensitivity,0.0,NULL,NULL,NULL,washing_machine,B,0.0,0.0,tub_shower,1.0
679,160,NULL,0.0,0.0,0.0,0.0,Single Family,NULL,High environmental sensitivity,0.0,NULL,NULL,NULL,washing_machine,B,0.0,0.0,dishwasher_simple,1.0
680,160,NULL,0.0,0.0,0.0,0.0,Single Family,NULL,High environmental sensitivity,0.0,NULL,NULL,NULL,washing_machine,B,0.0,0.0,washing_machine_simple,1.0
681,160,NULL,0.0,0.0,0.0,0.0,Single Family,NULL,High environmental sensitivity,0.0,NULL,NULL,NULL,dishwasher,A++,1.0,1.0,toilet,1.0
682,160,NULL,0.0,0.0,0.0,0.0,Single Family,NULL,High environmental sensitivity,0.0,NULL,NULL,NULL,dishwasher,A++,1.0,1.0,sink,4.0
683,160,NULL,0.0,0.0,0.0,0.0,Single Family,NULL,High environmental sensitivity,0.0,NULL,NULL,NULL,dishwasher,A++,1.0,1.0,tub_shower,1.0
684,160,NULL,0.0,0.0,0.0,0.0,Single Family,NULL,High environmental sensitivity,0.0,NULL,NULL,NULL,dishwasher,A++,1.0,1.0,dishwasher_simple,1.0
685,160,NULL,0.0,0.0,0.0,0.0,Single Family,NULL,High environmental sensitivity,0.0,NULL,NULL,NULL,dishwasher,A++,1.0,1.0,washing_machine_simple,1.0
686,132,NULL,NULL,NULL,NULL,NULL,NULL,NULL,NULL,NULL,NULL,NULL,NULL,NULL,NULL,NULL,NULL,NULL,NULL
687,132,NULL,NULL,NULL,NULL,NULL,NULL,NULL,NULL,NULL,NULL,NULL,NULL,NULL,NULL,NULL,NULL,NULL,NULL
688,291,NULL,NULL,NULL,NULL,NULL,NULL,NULL,NULL,NULL,NULL,NULL,NULL,NULL,NULL,NULL,NULL,NULL,NULL
689,291,NULL,NULL,NULL,NULL,NULL,NULL,NULL,NULL,NULL,NULL,NULL,NULL,NULL,NULL,NULL,NULL,NULL,NULL
690,280,NULL,NULL,NULL,NULL,NULL,NULL,NULL,NULL,NULL,NULL,NULL,NULL,NULL,NULL,NULL,NULL,NULL,NULL
691,370,NULL,NULL,NULL,NULL,NULL,NULL,NULL,NULL,NULL,NULL,NULL,NULL,NULL,NULL,NULL,NULL,NULL,NULL
692,88,NULL,NULL,NULL,NULL,NULL,NULL,NULL,NULL,NULL,NULL,NULL,NULL,NULL,NULL,NULL,NULL,NULL,NULL
693,79,NULL,NULL,NULL,NULL,NULL,NULL,NULL,NULL,NULL,NULL,NULL,NULL,NULL,NULL,NULL,NULL,NULL,NULL
694,80,NULL,NULL,NULL,NULL,NULL,NULL,NULL,NULL,NULL,NULL,NULL,NULL,NULL,NULL,NULL,NULL,NULL,NULL
695,254,NULL,NULL,NULL,NULL,NULL,NULL,NULL,NULL,NULL,NULL,NULL,NULL,NULL,NULL,NULL,NULL,NULL,NULL
696,277,NULL,NULL,NULL,NULL,NULL,NULL,NULL,NULL,NULL,NULL,NULL,NULL,NULL,NULL,NULL,NULL,NULL,NULL
697,355,NULL,NULL,NULL,NULL,NULL,NULL,NULL,NULL,NULL,NULL,NULL,NULL,NULL,NULL,NULL,NULL,NULL,NULL
698,97,NULL,NULL,NULL,NULL,NULL,NULL,NULL,NULL,NULL,NULL,NULL,NULL,NULL,NULL,NULL,NULL,NULL,NULL
699,318,NULL,NULL,NULL,NULL,NULL,NULL,NULL,NULL,NULL,NULL,NULL,NULL,NULL,NULL,NULL,NULL,NULL,NULL
700,332,NULL,NULL,NULL,NULL,NULL,NULL,NULL,NULL,NULL,NULL,NULL,NULL,NULL,NULL,NULL,NULL,NULL,NULL
701,206,NULL,NULL,NULL,NULL,NULL,NULL,NULL,NULL,NULL,NULL,NULL,NULL,NULL,NULL,NULL,NULL,NULL,NULL
702,246,NULL,NULL,NULL,NULL,NULL,NULL,NULL,NULL,NULL,NULL,NULL,NULL,NULL,NULL,NULL,NULL,NULL,NULL
703,96,NULL,NULL,NULL,NULL,NULL,NULL,NULL,NULL,NULL,NULL,NULL,NULL,NULL,NULL,NULL,NULL,NULL,NULL
704,43,NULL,NULL,NULL,NULL,NULL,NULL,NULL,NULL,NULL,NULL,NULL,NULL,NULL,NULL,NULL,NULL,NULL,NULL
705,194,NULL,NULL,NULL,NULL,NULL,NULL,NULL,NULL,NULL,NULL,NULL,NULL,NULL,NULL,NULL,NULL,NULL,NULL
706,256,NULL,NULL,NULL,NULL,NULL,NULL,NULL,NULL,NULL,NULL,NULL,NULL,NULL,NULL,NULL,NULL,NULL,NULL
707,158,NULL,NULL,NULL,NULL,NULL,NULL,NULL,NULL,NULL,NULL,NULL,NULL,NULL,NULL,NULL,NULL,NULL,NULL
